-- phpMyAdmin SQL Dump
-- version 4.5.1
-- http://www.phpmyadmin.net
--
-- Servidor: 127.0.0.1
-- Tiempo de generación: 31-03-2017 a las 15:39:56
-- Versión del servidor: 10.1.8-MariaDB
-- Versión de PHP: 5.6.14

SET SQL_MODE = "NO_AUTO_VALUE_ON_ZERO";
SET time_zone = "+00:00";


/*!40101 SET @OLD_CHARACTER_SET_CLIENT=@@CHARACTER_SET_CLIENT */;
/*!40101 SET @OLD_CHARACTER_SET_RESULTS=@@CHARACTER_SET_RESULTS */;
/*!40101 SET @OLD_COLLATION_CONNECTION=@@COLLATION_CONNECTION */;
/*!40101 SET NAMES utf8mb4 */;

--
-- Base de datos: `kobo`
--

-- --------------------------------------------------------

--
-- Estructura de tabla para la tabla `answers`
--

CREATE TABLE `answers` (
  `id` int(11) NOT NULL,
  `option_id` int(11) NOT NULL,
  `value` varchar(50) COLLATE utf8_spanish_ci NOT NULL,
  `respondent_id` int(11) NOT NULL
) ENGINE=InnoDB DEFAULT CHARSET=utf8 COLLATE=utf8_spanish_ci;

--
-- Volcado de datos para la tabla `answers`
--

INSERT INTO `answers` (`id`, `option_id`, `value`, `respondent_id`) VALUES
(1, 1, 'true', 1),
(2, 6, 'true', 1),
(3, 11, 'true', 1),
(4, 17, 'true', 1),
(5, 21, '1', 1),
(6, 29, '2', 1),
(7, 22, '3', 1),
(8, 37, 'true', 1),
(9, 38, 'true', 1),
(10, 42, 'true', 1),
(11, 54, 'true', 1),
(12, 73, 'true', 1),
(13, 76, 'true', 1),
(14, 83, 'true', 1),
(15, 84, 'true', 1),
(16, 94, 'true', 1),
(17, 96, '1', 1),
(18, 98, '2', 1),
(19, 102, '3', 1),
(20, 102, '4', 1),
(21, 106, 'true', 1),
(22, 109, 'true', 1),
(23, 112, 'true', 1),
(24, 115, 'true', 1),
(25, 122, '1', 1),
(26, 124, '2', 1),
(27, 121, '3', 1),
(28, 123, '4', 1),
(29, 125, 'true', 1),
(30, 129, 'true', 1),
(31, 133, 'true', 1),
(32, 138, 'true', 1),
(33, 142, 'true', 1),
(34, 146, 'true', 1),
(35, 148, 'true', 1),
(36, 152, 'true', 1),
(37, 198, 'true', 1),
(38, 201, 'true', 1),
(39, 204, 'true', 1),
(40, 205, 'true', 1),
(41, 208, 'true', 1),
(42, 209, 'true', 1),
(43, 210, 'true', 1),
(44, 211, 'true', 1),
(45, 212, 'true', 1),
(46, 213, 'true', 1),
(47, 214, 'true', 1),
(48, 215, 'true', 1),
(49, 216, 'true', 1),
(50, 217, 'true', 1),
(51, 219, 'true', 1),
(52, 220, 'true', 1),
(53, 228, 'true', 1),
(54, 232, 'true', 1),
(55, 249, '1', 1),
(56, 252, '2', 1),
(57, 254, '3', 1),
(58, 255, 'true', 1),
(59, 258, 'true', 1),
(60, 261, 'true', 1),
(61, 264, 'true', 1),
(62, 267, 'true', 1),
(63, 274, 'true', 1),
(64, 275, 'true', 1),
(65, 278, 'true', 1),
(66, 279, 'true', 1),
(67, 286, 'true', 1),
(68, 287, 'true', 1),
(69, 291, 'true', 1),
(70, 307, 'true', 1),
(71, 310, 'true', 1),
(72, 311, 'true', 1),
(73, 314, 'true', 1),
(74, 317, 'true', 1),
(75, 324, 'true', 1),
(76, 327, 'true', 1),
(77, 331, 'true', 1),
(78, 336, 'true', 1),
(79, 339, 'true', 1),
(80, 343, 'true', 1),
(81, 347, 'true', 1),
(82, 351, 'true', 1),
(83, 355, 'true', 1),
(84, 359, 'true', 1),
(85, 363, 'true', 1),
(86, 367, 'true', 1),
(87, 371, 'true', 1),
(88, 378, '1', 1),
(89, 379, '2', 1),
(90, 382, '3', 1),
(91, 384, '4', 1),
(92, 385, 'true', 1),
(93, 388, 'true', 1),
(94, 392, 'true', 1),
(95, 394, 'true', 1),
(96, 397, 'true', 1),
(97, 400, 'true', 1),
(98, 406, '1', 1),
(99, 405, '2', 1),
(100, 404, '3', 1),
(101, 47, 'true', 1),
(102, 51, 'true', 1),
(103, 1, 'true', 2),
(104, 6, 'true', 2),
(105, 11, 'true', 2),
(106, 17, 'true', 2),
(107, 21, '1', 2),
(108, 26, '2', 2),
(109, 27, '3', 2),
(110, 37, 'true', 2),
(111, 38, 'true', 2),
(112, 42, 'true', 2),
(113, 47, 'true', 2),
(114, 51, 'true', 2),
(115, 55, 'true', 2),
(116, 74, 'true', 2),
(117, 77, 'true', 2),
(118, 85, 'true', 2),
(119, 105, '1', 2),
(120, 105, '2', 2),
(121, 105, '3', 2),
(122, 105, '4', 2),
(123, 106, 'true', 2),
(124, 110, 'true', 2),
(125, 113, 'true', 2),
(126, 115, 'true', 2),
(127, 118, '1', 2),
(128, 119, '2', 2),
(129, 122, '3', 2),
(130, 123, '4', 2),
(131, 125, 'true', 2),
(132, 129, 'true', 2),
(133, 134, 'true', 2),
(134, 138, 'true', 2),
(135, 141, 'true', 2),
(136, 146, 'true', 2),
(137, 149, 'true', 2),
(138, 151, 'true', 2),
(139, 156, 'true', 2),
(140, 160, 'true', 2),
(141, 164, 'true', 2),
(142, 168, 'true', 2),
(143, 172, 'true', 2),
(144, 176, 'true', 2),
(145, 180, 'true', 2),
(146, 183, 'true', 2),
(147, 187, 'true', 2),
(148, 191, 'true', 2),
(149, 198, 'true', 2),
(150, 201, 'true', 2),
(151, 204, 'true', 2),
(152, 209, 'true', 2),
(153, 211, 'true', 2),
(154, 214, 'true', 2),
(155, 216, 'true', 2),
(156, 217, 'true', 2),
(157, 228, 'true', 2),
(158, 231, 'true', 2),
(159, 234, 'true', 2),
(160, 235, 'true', 2),
(161, 237, 'true', 2),
(162, 238, 'true', 2),
(163, 245, 'true', 2),
(164, 249, '1', 2),
(165, 250, '2', 2),
(166, 254, '3', 2),
(167, 256, 'true', 2),
(168, 259, 'true', 2),
(169, 262, 'true', 2),
(170, 265, 'true', 2),
(171, 268, 'true', 2),
(172, 284, 'true', 2),
(173, 287, 'true', 2),
(174, 291, 'true', 2),
(175, 292, 'true', 2),
(176, 301, 'true', 2),
(177, 302, 'true', 2),
(178, 308, 'true', 2),
(179, 321, 'true', 2),
(180, 325, 'true', 2),
(181, 327, 'true', 2),
(182, 331, 'true', 2),
(183, 335, 'true', 2),
(184, 340, 'true', 2),
(185, 344, 'true', 2),
(186, 348, 'true', 2),
(187, 352, 'true', 2),
(188, 355, 'true', 2),
(189, 359, 'true', 2),
(190, 364, 'true', 2),
(191, 368, 'true', 2),
(192, 371, 'true', 2),
(193, 379, '1', 2),
(194, 382, '2', 2),
(195, 382, '3', 2),
(196, 384, '4', 2),
(197, 386, 'true', 2),
(198, 390, 'true', 2),
(199, 391, 'true', 2),
(200, 395, 'true', 2),
(201, 398, 'true', 2),
(202, 400, 'true', 2),
(203, 403, '1', 2),
(204, 406, '2', 2),
(205, 408, '3', 2),
(206, 1, 'true', 3),
(207, 7, 'true', 3),
(208, 11, 'true', 3),
(209, 17, 'true', 3),
(210, 26, '1', 3),
(211, 29, '2', 3),
(212, 22, '3', 3),
(213, 40, 'true', 3),
(214, 42, 'true', 3),
(215, 46, 'true', 3),
(216, 51, 'true', 3),
(217, 55, 'true', 3),
(218, 73, 'true', 3),
(219, 76, 'true', 3),
(220, 85, 'true', 3),
(221, 93, 'true', 3),
(222, 96, '1', 3),
(223, 105, '2', 3),
(224, 105, '3', 3),
(225, 105, '4', 3),
(226, 106, 'true', 3),
(227, 109, 'true', 3),
(228, 112, 'true', 3),
(229, 115, 'true', 3),
(230, 122, '1', 3),
(231, 121, '2', 3),
(232, 120, '3', 3),
(233, 123, '4', 3),
(234, 125, 'true', 3),
(235, 129, 'true', 3),
(236, 133, 'true', 3),
(237, 138, 'true', 3),
(238, 142, 'true', 3),
(239, 146, 'true', 3),
(240, 149, 'true', 3),
(241, 152, 'true', 3),
(242, 198, 'true', 3),
(243, 201, 'true', 3),
(244, 204, 'true', 3),
(245, 205, 'true', 3),
(246, 210, 'true', 3),
(247, 216, 'true', 3),
(248, 217, 'true', 3),
(249, 228, 'true', 3),
(250, 235, 'true', 3),
(251, 236, 'true', 3),
(252, 237, 'true', 3),
(253, 243, 'true', 3),
(254, 251, '1', 3),
(255, 252, '2', 3),
(256, 254, '3', 3),
(257, 256, 'true', 3),
(258, 259, 'true', 3),
(259, 261, 'true', 3),
(260, 265, 'true', 3),
(261, 268, 'true', 3),
(262, 284, 'true', 3),
(263, 287, 'true', 3),
(264, 288, 'true', 3),
(265, 291, 'true', 3),
(266, 301, 'true', 3),
(267, 303, 'true', 3),
(268, 304, 'true', 3),
(269, 307, 'true', 3),
(270, 323, 'true', 3),
(271, 325, 'true', 3),
(272, 327, 'true', 3),
(273, 331, 'true', 3),
(274, 335, 'true', 3),
(275, 340, 'true', 3),
(276, 344, 'true', 3),
(277, 348, 'true', 3),
(278, 352, 'true', 3),
(279, 355, 'true', 3),
(280, 359, 'true', 3),
(281, 363, 'true', 3),
(282, 368, 'true', 3),
(283, 372, 'true', 3),
(284, 382, '1', 3),
(285, 379, '2', 3),
(286, 383, '3', 3),
(287, 384, '4', 3),
(288, 386, 'true', 3),
(289, 388, 'true', 3),
(290, 392, 'true', 3),
(291, 394, 'true', 3),
(292, 398, 'true', 3),
(293, 400, 'true', 3),
(294, 409, '1', 3),
(295, 407, '2', 3),
(296, 407, '3', 3),
(297, 2, 'true', 4),
(298, 18, 'true', 4),
(299, 73, 'true', 4),
(300, 76, 'true', 4),
(301, 85, 'true', 4),
(302, 93, 'true', 4),
(303, 96, '1', 4),
(304, 105, '2', 4),
(305, 105, '3', 4),
(306, 105, '4', 4),
(307, 106, 'true', 4),
(308, 110, 'true', 4),
(309, 112, 'true', 4),
(310, 115, 'true', 4),
(311, 118, '1', 4),
(312, 122, '2', 4),
(313, 121, '3', 4),
(314, 120, '4', 4),
(315, 125, 'true', 4),
(316, 129, 'true', 4),
(317, 133, 'true', 4),
(318, 138, 'true', 4),
(319, 142, 'true', 4),
(320, 146, 'true', 4),
(321, 148, 'true', 4),
(322, 151, 'true', 4),
(323, 156, 'true', 4),
(324, 160, 'true', 4),
(325, 163, 'true', 4),
(326, 168, 'true', 4),
(327, 171, 'true', 4),
(328, 175, 'true', 4),
(329, 180, 'true', 4),
(330, 184, 'true', 4),
(331, 188, 'true', 4),
(332, 191, 'true', 4),
(333, 198, 'true', 4),
(334, 201, 'true', 4),
(335, 204, 'true', 4),
(336, 205, 'true', 4),
(337, 209, 'true', 4),
(338, 211, 'true', 4),
(339, 212, 'true', 4),
(340, 213, 'true', 4),
(341, 214, 'true', 4),
(342, 220, 'true', 4),
(343, 227, 'true', 4),
(344, 231, 'true', 4),
(345, 231, 'true', 4),
(346, 237, 'true', 4),
(347, 238, 'true', 4),
(348, 239, 'true', 4),
(349, 243, 'true', 4),
(350, 250, '1', 4),
(351, 254, '2', 4),
(352, 254, '3', 4),
(353, 256, 'true', 4),
(354, 258, 'true', 4),
(355, 262, 'true', 4),
(356, 264, 'true', 4),
(357, 267, 'true', 4),
(358, 277, 'true', 4),
(359, 279, 'true', 4),
(360, 283, 'true', 4),
(361, 284, 'true', 4),
(362, 287, 'true', 4),
(363, 288, 'true', 4),
(364, 291, 'true', 4),
(365, 292, 'true', 4),
(366, 301, 'true', 4),
(367, 304, 'true', 4),
(368, 308, 'true', 4),
(369, 321, 'true', 4),
(370, 325, 'true', 4),
(371, 328, 'true', 4),
(372, 379, '1', 4),
(373, 382, '2', 4),
(374, 383, '3', 4),
(375, 384, '4', 4),
(376, 385, 'true', 4),
(377, 389, 'true', 4),
(378, 392, 'true', 4),
(379, 395, 'true', 4),
(380, 398, 'true', 4),
(381, 401, 'true', 4),
(382, 403, '1', 4),
(383, 404, '2', 4),
(384, 406, '3', 4),
(385, 1, 'true', 5),
(386, 9, 'true', 5),
(387, 11, 'true', 5),
(388, 17, 'true', 5),
(389, 30, '1', 5),
(390, 29, '2', 5),
(391, 28, '3', 5),
(392, 37, 'true', 5),
(393, 38, 'true', 5),
(394, 43, 'true', 5),
(395, 46, 'true', 5),
(396, 51, 'true', 5),
(397, 55, 'true', 5),
(398, 74, 'true', 5),
(399, 77, 'true', 5),
(400, 85, 'true', 5),
(401, 86, 'true', 5),
(402, 103, '1', 5),
(403, 102, '2', 5),
(404, 105, '3', 5),
(405, 105, '4', 5),
(406, 106, 'true', 5),
(407, 109, 'true', 5),
(408, 112, 'true', 5),
(409, 115, 'true', 5),
(410, 122, '1', 5),
(411, 118, '2', 5),
(412, 120, '3', 5),
(413, 123, '4', 5),
(414, 125, 'true', 5),
(415, 129, 'true', 5),
(416, 133, 'true', 5),
(417, 138, 'true', 5),
(418, 142, 'true', 5),
(419, 145, 'true', 5),
(420, 149, 'true', 5),
(421, 151, 'true', 5),
(422, 156, 'true', 5),
(423, 160, 'true', 5),
(424, 164, 'true', 5),
(425, 168, 'true', 5),
(426, 171, 'true', 5),
(427, 175, 'true', 5),
(428, 180, 'true', 5),
(429, 184, 'true', 5),
(430, 188, 'true', 5),
(431, 192, 'true', 5),
(432, 199, 'true', 5),
(433, 201, 'true', 5),
(434, 204, 'true', 5),
(435, 205, 'true', 5),
(436, 209, 'true', 5),
(437, 211, 'true', 5),
(438, 213, 'true', 5),
(439, 217, 'true', 5),
(440, 220, 'true', 5),
(441, 227, 'true', 5),
(442, 231, 'true', 5),
(443, 231, 'true', 5),
(444, 234, 'true', 5),
(445, 236, 'true', 5),
(446, 237, 'true', 5),
(447, 239, 'true', 5),
(448, 243, 'true', 5),
(449, 251, '1', 5),
(450, 254, '2', 5),
(451, 254, '3', 5),
(452, 256, 'true', 5),
(453, 259, 'true', 5),
(454, 262, 'true', 5),
(455, 266, 'true', 5),
(456, 268, 'true', 5),
(457, 285, 'true', 5),
(458, 288, 'true', 5),
(459, 292, 'true', 5),
(460, 308, 'true', 5),
(461, 321, 'true', 5),
(462, 325, 'true', 5),
(463, 328, 'true', 5),
(464, 379, '1', 5),
(465, 382, '2', 5),
(466, 384, '3', 5),
(467, 384, '4', 5),
(468, 386, 'true', 5),
(469, 388, 'true', 5),
(470, 392, 'true', 5),
(471, 395, 'true', 5),
(472, 398, 'true', 5),
(473, 401, 'true', 5),
(474, 406, '1', 5),
(475, 409, '2', 5),
(476, 408, '3', 5),
(477, 1, 'true', 6),
(478, 6, 'true', 6),
(479, 11, 'true', 6),
(480, 18, 'true', 6),
(481, 74, 'true', 6),
(482, 77, 'true', 6),
(483, 83, 'true', 6),
(484, 105, '1', 6),
(485, 105, '2', 6),
(486, 105, '3', 6),
(487, 105, '4', 6),
(488, 107, 'true', 6),
(489, 110, 'true', 6),
(490, 113, 'true', 6),
(491, 116, 'true', 6),
(492, 125, 'true', 6),
(493, 129, 'true', 6),
(494, 135, 'true', 6),
(495, 139, 'true', 6),
(496, 142, 'true', 6),
(497, 147, 'true', 6),
(498, 149, 'true', 6),
(499, 152, 'true', 6),
(500, 199, 'true', 6),
(501, 201, 'true', 6),
(502, 204, 'true', 6),
(503, 205, 'true', 6),
(504, 210, 'true', 6),
(505, 213, 'true', 6),
(506, 214, 'true', 6),
(507, 216, 'true', 6),
(508, 217, 'true', 6),
(509, 228, 'true', 6),
(510, 232, 'true', 6),
(511, 249, '1', 6),
(512, 250, '2', 6),
(513, 254, '3', 6),
(514, 256, 'true', 6),
(515, 259, 'true', 6),
(516, 262, 'true', 6),
(517, 265, 'true', 6),
(518, 268, 'true', 6),
(519, 284, 'true', 6),
(520, 287, 'true', 6),
(521, 288, 'true', 6),
(522, 289, 'true', 6),
(523, 291, 'true', 6),
(524, 292, 'true', 6),
(525, 297, 'true', 6),
(526, 301, 'true', 6),
(527, 302, 'true', 6),
(528, 308, 'true', 6),
(529, 318, 'true', 6),
(530, 324, 'true', 6),
(531, 328, 'true', 6),
(532, 382, '1', 6),
(533, 383, '2', 6),
(534, 379, '3', 6),
(535, 384, '4', 6),
(536, 385, 'true', 6),
(537, 388, 'true', 6),
(538, 391, 'true', 6),
(539, 395, 'true', 6),
(540, 398, 'true', 6),
(541, 401, 'true', 6),
(542, 403, '1', 6),
(543, 404, '2', 6),
(544, 406, '3', 6),
(545, 410, 'true', 0),
(546, 415, 'true', 0),
(547, 420, 'true', 0),
(548, 426, 'true', 0),
(549, 430, '1', 0),
(550, 438, '2', 0),
(551, 431, '3', 0),
(552, 446, 'true', 0),
(553, 447, 'true', 0),
(554, 451, 'true', 0),
(555, 463, 'true', 0),
(556, 482, 'true', 0),
(557, 485, 'true', 0),
(558, 492, 'true', 0),
(559, 493, 'true', 0),
(560, 503, 'true', 0),
(561, 505, '1', 0),
(562, 507, '2', 0),
(563, 511, '3', 0),
(564, 511, '4', 0),
(565, 515, 'true', 0),
(566, 518, 'true', 0),
(567, 521, 'true', 0),
(568, 524, 'true', 0),
(569, 531, '1', 0),
(570, 533, '2', 0),
(571, 530, '3', 0),
(572, 532, '4', 0),
(573, 534, 'true', 0),
(574, 538, 'true', 0),
(575, 542, 'true', 0),
(576, 547, 'true', 0),
(577, 551, 'true', 0),
(578, 555, 'true', 0),
(579, 557, 'true', 0),
(580, 561, 'true', 0),
(581, 607, 'true', 0),
(582, 610, 'true', 0),
(583, 613, 'true', 0),
(584, 614, 'true', 0),
(585, 617, 'true', 0),
(586, 618, 'true', 0),
(587, 619, 'true', 0),
(588, 620, 'true', 0),
(589, 621, 'true', 0),
(590, 622, 'true', 0),
(591, 623, 'true', 0),
(592, 624, 'true', 0),
(593, 625, 'true', 0),
(594, 626, 'true', 0),
(595, 628, 'true', 0),
(596, 629, 'true', 0),
(597, 637, 'true', 0),
(598, 641, 'true', 0),
(599, 658, '1', 0),
(600, 661, '2', 0),
(601, 663, '3', 0),
(602, 664, 'true', 0),
(603, 667, 'true', 0),
(604, 670, 'true', 0),
(605, 673, 'true', 0),
(606, 676, 'true', 0),
(607, 683, 'true', 0),
(608, 684, 'true', 0),
(609, 687, 'true', 0),
(610, 688, 'true', 0),
(611, 695, 'true', 0),
(612, 696, 'true', 0),
(613, 700, 'true', 0),
(614, 716, 'true', 0),
(615, 719, 'true', 0),
(616, 720, 'true', 0),
(617, 723, 'true', 0),
(618, 726, 'true', 0),
(619, 733, 'true', 0),
(620, 736, 'true', 0),
(621, 740, 'true', 0),
(622, 745, 'true', 0),
(623, 748, 'true', 0),
(624, 752, 'true', 0),
(625, 756, 'true', 0),
(626, 760, 'true', 0),
(627, 764, 'true', 0),
(628, 768, 'true', 0),
(629, 772, 'true', 0),
(630, 776, 'true', 0),
(631, 780, 'true', 0),
(632, 787, '1', 0),
(633, 788, '2', 0),
(634, 791, '3', 0),
(635, 793, '4', 0),
(636, 794, 'true', 0),
(637, 797, 'true', 0),
(638, 801, 'true', 0),
(639, 803, 'true', 0),
(640, 806, 'true', 0),
(641, 809, 'true', 0),
(642, 815, '1', 0),
(643, 814, '2', 0),
(644, 813, '3', 0),
(645, 410, 'true', 0),
(646, 416, 'true', 0),
(647, 420, 'true', 0),
(648, 426, 'true', 0),
(649, 435, '1', 0),
(650, 438, '2', 0),
(651, 431, '3', 0),
(652, 449, 'true', 0),
(653, 451, 'true', 0),
(654, 455, 'true', 0),
(655, 460, 'true', 0),
(656, 464, 'true', 0),
(657, 482, 'true', 0),
(658, 485, 'true', 0),
(659, 494, 'true', 0),
(660, 502, 'true', 0),
(661, 505, '1', 0),
(662, 514, '2', 0),
(663, 514, '3', 0),
(664, 514, '4', 0),
(665, 515, 'true', 0),
(666, 518, 'true', 0),
(667, 521, 'true', 0),
(668, 524, 'true', 0),
(669, 531, '1', 0),
(670, 530, '2', 0),
(671, 529, '3', 0),
(672, 532, '4', 0),
(673, 534, 'true', 0),
(674, 538, 'true', 0),
(675, 542, 'true', 0),
(676, 547, 'true', 0),
(677, 551, 'true', 0),
(678, 555, 'true', 0),
(679, 558, 'true', 0),
(680, 561, 'true', 0),
(681, 607, 'true', 0),
(682, 610, 'true', 0),
(683, 613, 'true', 0),
(684, 614, 'true', 0),
(685, 619, 'true', 0),
(686, 625, 'true', 0),
(687, 626, 'true', 0),
(688, 637, 'true', 0),
(689, 644, 'true', 0),
(690, 645, 'true', 0),
(691, 646, 'true', 0),
(692, 652, 'true', 0),
(693, 660, '1', 0),
(694, 661, '2', 0),
(695, 663, '3', 0),
(696, 665, 'true', 0),
(697, 668, 'true', 0),
(698, 670, 'true', 0),
(699, 674, 'true', 0),
(700, 677, 'true', 0),
(701, 693, 'true', 0),
(702, 696, 'true', 0),
(703, 697, 'true', 0),
(704, 700, 'true', 0),
(705, 710, 'true', 0),
(706, 712, 'true', 0),
(707, 713, 'true', 0),
(708, 716, 'true', 0),
(709, 732, 'true', 0),
(710, 734, 'true', 0),
(711, 736, 'true', 0),
(712, 740, 'true', 0),
(713, 744, 'true', 0),
(714, 749, 'true', 0),
(715, 753, 'true', 0),
(716, 757, 'true', 0),
(717, 761, 'true', 0),
(718, 764, 'true', 0),
(719, 768, 'true', 0),
(720, 772, 'true', 0),
(721, 777, 'true', 0),
(722, 781, 'true', 0),
(723, 791, '1', 0),
(724, 788, '2', 0),
(725, 792, '3', 0),
(726, 793, '4', 0),
(727, 795, 'true', 0),
(728, 797, 'true', 0),
(729, 801, 'true', 0),
(730, 803, 'true', 0),
(731, 807, 'true', 0),
(732, 809, 'true', 0),
(733, 818, '1', 0),
(734, 816, '2', 0),
(735, 816, '3', 0),
(736, 410, 'true', 0),
(737, 415, 'true', 0),
(738, 420, 'true', 0),
(739, 427, 'true', 0),
(740, 483, 'true', 0),
(741, 486, 'true', 0),
(742, 492, 'true', 0),
(743, 514, '1', 0),
(744, 514, '2', 0),
(745, 514, '3', 0),
(746, 514, '4', 0),
(747, 516, 'true', 0),
(748, 519, 'true', 0),
(749, 522, 'true', 0),
(750, 525, 'true', 0),
(751, 534, 'true', 0),
(752, 538, 'true', 0),
(753, 544, 'true', 0),
(754, 548, 'true', 0),
(755, 551, 'true', 0),
(756, 556, 'true', 0),
(757, 558, 'true', 0),
(758, 561, 'true', 0),
(759, 608, 'true', 0),
(760, 610, 'true', 0),
(761, 613, 'true', 0),
(762, 614, 'true', 0),
(763, 619, 'true', 0),
(764, 622, 'true', 0),
(765, 623, 'true', 0),
(766, 625, 'true', 0),
(767, 626, 'true', 0),
(768, 637, 'true', 0),
(769, 641, 'true', 0),
(770, 658, '1', 0),
(771, 659, '2', 0),
(772, 663, '3', 0),
(773, 665, 'true', 0),
(774, 668, 'true', 0),
(775, 671, 'true', 0),
(776, 674, 'true', 0),
(777, 677, 'true', 0),
(778, 693, 'true', 0),
(779, 696, 'true', 0),
(780, 697, 'true', 0),
(781, 698, 'true', 0),
(782, 700, 'true', 0),
(783, 701, 'true', 0),
(784, 706, 'true', 0),
(785, 710, 'true', 0),
(786, 711, 'true', 0),
(787, 717, 'true', 0),
(788, 727, 'true', 0),
(789, 733, 'true', 0),
(790, 737, 'true', 0),
(791, 791, '1', 0),
(792, 792, '2', 0),
(793, 788, '3', 0),
(794, 793, '4', 0),
(795, 794, 'true', 0),
(796, 797, 'true', 0),
(797, 800, 'true', 0),
(798, 804, 'true', 0),
(799, 807, 'true', 0),
(800, 810, 'true', 0),
(801, 812, '1', 0),
(802, 813, '2', 0),
(803, 815, '3', 0),
(804, 410, 'true', 0),
(805, 418, 'true', 0),
(806, 420, 'true', 0),
(807, 426, 'true', 0),
(808, 439, '1', 0),
(809, 438, '2', 0),
(810, 437, '3', 0),
(811, 446, 'true', 0),
(812, 447, 'true', 0),
(813, 452, 'true', 0),
(814, 455, 'true', 0),
(815, 460, 'true', 0),
(816, 464, 'true', 0),
(817, 483, 'true', 0),
(818, 486, 'true', 0),
(819, 494, 'true', 0),
(820, 495, 'true', 0),
(821, 512, '1', 0),
(822, 511, '2', 0),
(823, 514, '3', 0),
(824, 514, '4', 0),
(825, 515, 'true', 0),
(826, 518, 'true', 0),
(827, 521, 'true', 0),
(828, 524, 'true', 0),
(829, 531, '1', 0),
(830, 527, '2', 0),
(831, 529, '3', 0),
(832, 532, '4', 0),
(833, 534, 'true', 0),
(834, 538, 'true', 0),
(835, 542, 'true', 0),
(836, 547, 'true', 0),
(837, 551, 'true', 0),
(838, 554, 'true', 0),
(839, 558, 'true', 0),
(840, 560, 'true', 0),
(841, 565, 'true', 0),
(842, 569, 'true', 0),
(843, 573, 'true', 0),
(844, 577, 'true', 0),
(845, 580, 'true', 0),
(846, 584, 'true', 0),
(847, 589, 'true', 0),
(848, 593, 'true', 0),
(849, 597, 'true', 0),
(850, 601, 'true', 0),
(851, 608, 'true', 0),
(852, 610, 'true', 0),
(853, 613, 'true', 0),
(854, 614, 'true', 0),
(855, 618, 'true', 0),
(856, 620, 'true', 0),
(857, 622, 'true', 0),
(858, 626, 'true', 0),
(859, 629, 'true', 0),
(860, 636, 'true', 0),
(861, 640, 'true', 0),
(862, 640, 'true', 0),
(863, 643, 'true', 0),
(864, 645, 'true', 0),
(865, 646, 'true', 0),
(866, 648, 'true', 0),
(867, 652, 'true', 0),
(868, 660, '1', 0),
(869, 663, '2', 0),
(870, 663, '3', 0),
(871, 665, 'true', 0),
(872, 668, 'true', 0),
(873, 671, 'true', 0),
(874, 675, 'true', 0),
(875, 677, 'true', 0),
(876, 694, 'true', 0),
(877, 697, 'true', 0),
(878, 701, 'true', 0),
(879, 717, 'true', 0),
(880, 730, 'true', 0),
(881, 734, 'true', 0),
(882, 737, 'true', 0),
(883, 788, '1', 0),
(884, 791, '2', 0),
(885, 793, '3', 0),
(886, 793, '4', 0),
(887, 795, 'true', 0),
(888, 797, 'true', 0),
(889, 801, 'true', 0),
(890, 804, 'true', 0),
(891, 807, 'true', 0),
(892, 810, 'true', 0),
(893, 815, '1', 0),
(894, 818, '2', 0),
(895, 817, '3', 0);

-- --------------------------------------------------------

--
-- Estructura de tabla para la tabla `boroughs`
--

CREATE TABLE `boroughs` (
  `id` int(11) NOT NULL,
  `name` varchar(255) COLLATE utf8_spanish_ci NOT NULL,
  `lat` float DEFAULT NULL,
  `lng` float DEFAULT NULL,
  `department_id` int(11) NOT NULL
) ENGINE=InnoDB DEFAULT CHARSET=utf8 COLLATE=utf8_spanish_ci;

--
-- Volcado de datos para la tabla `boroughs`
--

INSERT INTO `boroughs` (`id`, `name`, `lat`, `lng`, `department_id`) VALUES
(1, 'Taraza', 7.58333, -75.405, 1),
(2, 'El Bagre', 7.69333, -74.9317, 1),
(3, 'Bello', 6.33188, -75.588, 1);

-- --------------------------------------------------------

--
-- Estructura de tabla para la tabla `departments`
--

CREATE TABLE `departments` (
  `id` int(11) NOT NULL,
  `name` varchar(255) COLLATE utf8_spanish_ci NOT NULL
) ENGINE=InnoDB DEFAULT CHARSET=utf8 COLLATE=utf8_spanish_ci;

--
-- Volcado de datos para la tabla `departments`
--

INSERT INTO `departments` (`id`, `name`) VALUES
(1, 'Antioquia');

-- --------------------------------------------------------

--
-- Estructura de tabla para la tabla `options`
--

CREATE TABLE `options` (
  `id` int(11) NOT NULL,
  `question_id` int(11) NOT NULL,
  `keyvar` varchar(100) COLLATE utf8_spanish_ci NOT NULL,
  `label` varchar(100) COLLATE utf8_spanish_ci NOT NULL,
  `parent` int(11) NOT NULL
) ENGINE=InnoDB DEFAULT CHARSET=utf8 COLLATE=utf8_spanish_ci;

--
-- Volcado de datos para la tabla `options`
--

INSERT INTO `options` (`id`, `question_id`, `keyvar`, `label`, `parent`) VALUES
(1, 5, 'si', 'Sí', 0),
(2, 5, 'no', 'No', 0),
(3, 5, 'no_sabe', 'No se', 0),
(4, 6, 'pozo_bomba_motor', 'i. Perforación o pozo con bomba de funcionamiento a motor', 0),
(5, 6, 'pozo_bomba_manual', 'ii. Perforación o pozo con bomba de funcionamiento manual', 0),
(6, 6, 'nacimiento', 'iii. Nacimiento', 0),
(7, 6, 'pozo_abierto_protegido', 'iv. Pozo abierto protegido', 0),
(8, 6, 'acueducto', 'v. Acueducto', 0),
(9, 6, 'recoleccion_lluvia', 'vi. Recolección de agua lluvia', 0),
(10, 6, 'pozo_abierto_deprotegido', 'vii. Pozo abierto desprotegido', 0),
(11, 6, 'agua_superficial', 'viii. Agua superficial (quebrada, rio o lago)', 0),
(12, 6, 'vendedor_agua', 'ix. Vendedores de agua (incl. carrotanques privados)', 0),
(13, 6, 'ayuda_humanitaria', 'x. Ayuda humanitaria', 0),
(14, 6, 'ninguna', 'N. Ninguna', 0),
(15, 6, 'no_sabe', 'NS. No sabe', 0),
(16, 6, 'otra', 'Otra', 0),
(17, 7, 'si', 'Sí', 0),
(18, 7, 'no', 'No', 0),
(19, 7, 'no_sabe', 'No se', 0),
(20, 8, 'no_hay', 'i. No hay comida, no hay mercado', 0),
(21, 8, 'no_hay_suficiente', 'ii. No hay suficientes alimentos', 0),
(22, 8, 'no_bueno', 'iii. No son lo suficientemente buenos', 0),
(23, 8, 'no_instalaciones', 'iv. No hay instalaciones para cocinar', 0),
(24, 8, 'no_utencilios', 'v. No hay utensilios', 0),
(25, 8, 'no_combustible', 'vi. No hay combustible para cocinar', 0),
(26, 8, 'perdida_tierras', 'vii. Pérdida de tierras agrícolas', 0),
(27, 8, 'perdida_activos', 'viii. Pérdida de activos agrícolas', 0),
(28, 8, 'no_acceso_mercados', 'ix. No hay acceso físico a los mercados', 0),
(29, 8, 'no_dinero', 'x. No hay ingreso, dinero, recursos para comprar alimentos', 0),
(30, 8, 'no_caza', 'xi. No se pueden conseguir alimentos por caza, pezca o recolección en bosque natural', 0),
(31, 8, 'ninguna', 'N. Ninguna', 0),
(32, 8, 'no_sabe', 'NS. No sabe', 0),
(33, 9, 'aumentado', 'Ha aumentado', 0),
(34, 9, 'igual', 'Es la misma', 0),
(35, 9, 'disminuido', 'Ha disminuido', 0),
(36, 9, 'no_sabe', 'NS. No sabe', 0),
(37, 10, 'subsistencia', 'i. Producción de subsistencia', 0),
(38, 10, 'mercado_local', 'ii. Mercado local', 0),
(39, 10, 'ayuda_humanitaria', 'iii. Ayuda humanitaria', 0),
(40, 10, 'no_sabe', 'NS. No sabe', 0),
(41, 11, 'madres', 'i. Programa de madres gestantes', 0),
(42, 11, 'si', 'Sí', 41),
(43, 11, 'no', 'No', 41),
(44, 11, 'no_sabe', 'No se', 41),
(45, 11, 'restaurantes', 'ii. Programa de restaurantes escolares', 0),
(46, 11, 'si', 'Sí', 45),
(47, 11, 'no', 'No', 45),
(48, 11, 'no_sabe', 'No se', 45),
(49, 11, 'comedores', 'iii. Programa de comedores comunitarios', 0),
(50, 11, 'si', 'Sí', 49),
(51, 11, 'no', 'No', 49),
(52, 11, 'no_sabe', 'No se', 49),
(53, 11, 'otro', 'O. Otro', 0),
(54, 11, 'si', 'Sí', 53),
(55, 11, 'no', 'No', 53),
(56, 11, 'no_sabe', 'No se', 53),
(57, 12, 'madres', 'i. Programa de madres gestantes', 0),
(58, 12, 'si', 'Sí', 57),
(59, 12, 'no', 'No', 57),
(60, 12, 'no_sabe', 'No se', 57),
(61, 12, 'restaurantes', 'ii. Programa de restaurantes escolares', 0),
(62, 12, 'si', 'Sí', 61),
(63, 12, 'no', 'No', 61),
(64, 12, 'no_sabe', 'No se', 61),
(65, 12, 'comedores', 'iii. Programa de comedores comunitarios', 0),
(66, 12, 'si', 'Sí', 65),
(67, 12, 'no', 'No', 65),
(68, 12, 'no_sabe', 'No se', 65),
(69, 12, 'otro', 'O. Otro', 0),
(70, 12, 'si', 'Sí', 69),
(71, 12, 'no', 'No', 69),
(72, 12, 'no_sabe', 'No se', 69),
(73, 13, 'si', 'Sí', 0),
(74, 13, 'no', 'No', 0),
(75, 13, 'no_sabe', 'No se', 0),
(76, 14, 'si', 'Sí', 0),
(77, 14, 'no', 'No', 0),
(78, 14, 'no_sabe', 'No se', 0),
(79, 15, 'vivienda', 'i. Vivienda en buen estado', 0),
(80, 15, 'improvisado', 'ii. Albergue improvisado', 0),
(81, 15, 'carpa', 'iii. Carpa', 0),
(82, 15, 'temporal_planificado', 'iv. Albergue planificado temporal o transitorio distinto a tiendas de campaña', 0),
(83, 15, 'danado', 'v. Vivienda o albergue en mal estado', 0),
(84, 15, 'escuela', 'vi. Escuelas, coliseo, centro comunitario', 0),
(85, 15, 'no_hay', 'vii. No hay albergue', 0),
(86, 15, 'otra', 'O. Otras edificaciones', 0),
(87, 15, 'no_sabe', 'NS. No sabe', 0),
(88, 16, 'no_hay_desplazados', 'i. No hay personas desplazadas', 0),
(89, 16, 'familia_receptora', 'ii. Familias receptoras', 0),
(90, 16, 'centros_colectivos', 'iii. Centros colectivos', 0),
(91, 16, 'planificados', 'iv. Albergues planificados', 0),
(92, 16, 'espontaneos', 'v. Albergues espontáneos', 0),
(93, 16, 'disperso', 'vi. Asentamiento disperso', 0),
(94, 16, 'otra', 'O. Otras edificaciones', 0),
(95, 16, 'no_sabe', 'NS. No sabe', 0),
(96, 17, 'no_hay', 'i. No hay albergue', 0),
(97, 17, 'sobrepoblado', 'ii. Los albergues están sobrepoblados', 0),
(98, 17, 'inhabitables', 'iii. Las casas son inhabitables porque están dañadas', 0),
(99, 17, 'no_hay_materiales', 'iv. Los materiales de construcción para reparar/construir albergues no están disponibles', 0),
(100, 17, 'no_hay_habilidades', 'v. Las habilidades para reparar/construir albergues no están disponibles', 0),
(101, 17, 'problema_tierras', 'vi. Posibles quejas relacionadas con problemas de tierras', 0),
(102, 17, 'no_hay_aticulos_basicos', 'vii. Las personas no tienen los artículos domésticos básicos', 0),
(103, 17, 'no_hay_dotacion', 'viii. Dotación de albergue es carente', 0),
(104, 17, 'ninguna', 'N. Ninguna', 0),
(105, 17, 'no_sabe', 'NS. No sabe', 0),
(106, 18, 'si', 'Sí', 0),
(107, 18, 'no', 'No', 0),
(108, 18, 'no_sabe', 'No se', 0),
(109, 19, 'si', 'Sí', 0),
(110, 19, 'no', 'No', 0),
(111, 19, 'no_sabe', 'No se', 0),
(112, 20, 'si', 'Sí', 0),
(113, 20, 'no', 'No', 0),
(114, 20, 'no_sabe', 'No se', 0),
(115, 21, 'si', 'Sí', 0),
(116, 21, 'no', 'No', 0),
(117, 21, 'no_sabe', 'No se', 0),
(118, 22, 'agricultura', 'i. Agricultura', 0),
(119, 22, 'caza_pesca_recoleccion', 'ii. Caza, pesca o recolección en bosque natural', 0),
(120, 22, 'pastoreo', 'iii. Pastoreo', 0),
(121, 22, 'comercio', 'iv. Pequeños negocios/comercios', 0),
(122, 22, 'jornal', 'v. Trabajo diario/jornal', 0),
(123, 22, 'no_sabe', 'NS. No sabe', 0),
(124, 23, 'agricultura', 'i. Agricultura', 0),
(125, 23, 'si', 'Sí', 124),
(126, 23, 'no', 'No', 124),
(127, 23, 'no_sabe', 'No se', 124),
(128, 23, 'agropastoreo', 'ii. Agro-pastoreo', 0),
(129, 23, 'si', 'Sí', 128),
(130, 23, 'no', 'No', 128),
(131, 23, 'no_sabe', 'No se', 128),
(132, 23, 'pastoreo', 'iii. Pastoreo', 0),
(133, 23, 'si', 'Sí', 132),
(134, 23, 'no', 'No', 132),
(135, 23, 'no_sabe', 'No se', 132),
(136, 23, 'comercio', 'iv. Pequeños negocios/comercios', 0),
(137, 23, 'si', 'Sí', 136),
(138, 23, 'no', 'No', 136),
(139, 23, 'no_sabe', 'No se', 136),
(140, 23, 'jornal', 'v. Trabajo diario/jornal', 0),
(141, 23, 'si', 'Sí', 140),
(142, 23, 'no', 'No', 140),
(143, 23, 'no_sabe', 'No se', 140),
(144, 23, 'caza_pesca_recoleccion', 'vi. Caza, pesca o recolección en bosque natural', 0),
(145, 23, 'si', 'Sí', 144),
(146, 23, 'no', 'No', 144),
(147, 23, 'no_sabe', 'No se', 144),
(148, 24, 'si', 'Sí', 0),
(149, 24, 'no', 'No', 0),
(150, 24, 'no_sabe', 'No se', 0),
(151, 26, 'si', 'Sí', 0),
(152, 26, 'no', 'No', 0),
(153, 26, 'no_sabe', 'No se', 0),
(154, 27, 'condon', 'i. Condones gratuitos', 0),
(155, 27, 'si', 'Sí', 154),
(156, 27, 'no', 'No', 154),
(157, 27, 'no_sabe', 'No se', 154),
(158, 27, 'parto', 'ii. Parto limpio en casa', 0),
(159, 27, 'si', 'Sí', 158),
(160, 27, 'no', 'No', 158),
(161, 27, 'no_sabe', 'No se', 158),
(162, 27, 'higiene', 'iii. Promoción de higiene', 0),
(163, 27, 'si', 'Sí', 162),
(164, 27, 'no', 'No', 162),
(165, 27, 'no_sabe', 'No se', 162),
(166, 27, 'consultas', 'iv. Consultas ambulatorias', 0),
(167, 27, 'si', 'Sí', 166),
(168, 27, 'no', 'No', 166),
(169, 27, 'no_sabe', 'No se', 166),
(170, 27, 'vacunacion', 'v. Vacunación de rutina', 0),
(171, 27, 'si', 'Sí', 170),
(172, 27, 'no', 'No', 170),
(173, 27, 'no_sabe', 'No se', 170),
(174, 27, 'obstetricia', 'vi. Atención obstétrica pre y pos-natal', 0),
(175, 27, 'si', 'Sí', 174),
(176, 27, 'no', 'No', 174),
(177, 27, 'no_sabe', 'No se', 174),
(178, 27, 'profilaxis', 'vii. Profilaxis posterior a la exposición para ITS e infecciones por VIH', 0),
(179, 27, 'si', 'Sí', 178),
(180, 27, 'no', 'No', 178),
(181, 27, 'no_sabe', 'No se', 178),
(182, 27, 'hospitalizacion', 'viii. Hospitalización', 0),
(183, 27, 'si', 'Sí', 182),
(184, 27, 'no', 'No', 182),
(185, 27, 'no_sabe', 'No se', 182),
(186, 27, 'cirugia', 'ix. Cirugía', 0),
(187, 27, 'si', 'Sí', 186),
(188, 27, 'no', 'No', 186),
(189, 27, 'no_sabe', 'No se', 186),
(190, 27, 'atencion_parto', 'x. Atención a partos en un centro de salud/hospital', 0),
(191, 27, 'si', 'Sí', 190),
(192, 27, 'no', 'No', 190),
(193, 27, 'no_sabe', 'No se', 190),
(194, 27, 'otro', 'O. Otra', 0),
(195, 27, 'si', 'Sí', 194),
(196, 27, 'no', 'No', 194),
(197, 27, 'no_sabe', 'No se', 194),
(198, 28, 'si', 'Sí', 0),
(199, 28, 'no', 'No', 0),
(200, 28, 'no_sabe', 'No se', 0),
(201, 29, 'si', 'Sí', 0),
(202, 29, 'no', 'No', 0),
(203, 29, 'no_sabe', 'No se', 0),
(204, 30, 'insuficiente', 'i. No se brinda suficiente seguridad', 0),
(205, 30, 'auso', 'ii. Los encargados de la seguridad abusan a las personas de la comunidad ', 0),
(206, 30, 'ninguna', 'N. Ninguna', 0),
(207, 30, 'no_sabe', 'NS. No sabe', 0),
(208, 31, 'ataques', 'i. Ataques directos a la población', 0),
(209, 31, 'combates', 'ii. Combates o enfrentamientos entre grupos armados', 0),
(210, 31, 'crimen', 'iii. Altas tasas de criminalidad y violencia', 0),
(211, 31, 'map_muse', 'iv. Presencia de minas antipersonal o explosivos improvisados', 0),
(212, 31, 'amenaza_desastre_natural', 'v. Continua amenaza de desastres naturales', 0),
(213, 31, 'homicidio_persona_protegida', 'vi. Asesinatos deliberados de civiles', 0),
(214, 31, 'asesinatos', 'vii. Ejecuciones u otros asesinatos', 0),
(215, 31, 'desapariciones', 'viii. Desapariciones forzadas o involuntarias', 0),
(216, 31, 'maltrato', 'ix. Maltrato de la población', 0),
(217, 31, 'violencia_genero', 'x. Violencia contra niñas y mujeres', 0),
(218, 31, 'detenciones', 'xi. Arrestos y detenciones', 0),
(219, 31, 'secuestro_rehenes', 'xii. Secuestro o toma de rehenes', 0),
(220, 31, 'desplazamiento', 'xiii. Desplazamiento', 0),
(221, 31, 'reclutamiento', 'xiv. Vinculación militar', 0),
(222, 31, 'otra', 'O. Otra', 0),
(223, 31, 'ninguna', 'N. Ninguna', 0),
(224, 31, 'no_sabe', 'NS. No sabe', 0),
(225, 32, 'policia', 'i. Policía', 0),
(226, 32, 'fuerzas_armadas', 'ii. Fuerzas armadas nacionales', 0),
(227, 32, 'comunidad', 'iii. Mecanismos comunitarios de protección', 0),
(228, 32, 'otro_grupo_armado', 'iv. Otros grupos armados', 0),
(229, 32, 'ninguno', 'v. Ninguno', 0),
(230, 32, 'no_sabe', 'NS. No sabe', 0),
(231, 33, 'si', 'Sí', 0),
(232, 33, 'no', 'No', 0),
(233, 33, 'no_sabe', 'No se', 0),
(234, 34, 'desercion', 'i. Hay deserción escolar', 0),
(235, 34, 'no_hay_profesores', 'ii. No hay profesores', 0),
(236, 34, 'mal_estado_instalaciones', 'iii. Instalaciones en mal estado', 0),
(237, 34, 'no_hay_dotacion', 'iv. No hay dotación suficiente', 0),
(238, 34, 'escuela_lejos', 'v. La escuela está muy lejos', 0),
(239, 34, 'entorno_no_seguro', 'vi. Los entornos no son seguros', 0),
(240, 34, 'no_hay_alimentacion_escolar', 'vii. No hay programas de alimentación escolar', 0),
(241, 34, 'otra', 'viii. Otras', 0),
(242, 34, 'no_sabe', 'NS. No sabe', 0),
(243, 35, 'si', 'Sí', 0),
(244, 35, 'no', 'No', 0),
(245, 35, 'no_sabe', 'No se', 0),
(246, 36, 'si', 'Sí', 0),
(247, 36, 'no', 'No', 0),
(248, 36, 'no_sabe', 'No se', 0),
(249, 37, 'discapacidad', 'i. Niños con discapacidades', 0),
(250, 37, 'etnicas', 'ii. Minorías étnicas', 0),
(251, 37, 'ninas', 'iii. Niñas', 0),
(252, 37, 'ninos', 'iv. Niños', 0),
(253, 37, 'ninguno', 'N. Ninguno', 0),
(254, 37, 'no_sabe', 'NS. No sabe', 0),
(255, 38, 'si', 'Sí', 0),
(256, 38, 'no', 'No', 0),
(257, 38, 'no_sabe', 'No se', 0),
(258, 39, 'si', 'Sí', 0),
(259, 39, 'no', 'No', 0),
(260, 39, 'no_sabe', 'No se', 0),
(261, 40, 'si', 'Sí', 0),
(262, 40, 'no', 'No', 0),
(263, 40, 'no_sabe', 'No se', 0),
(264, 41, 'si', 'Sí', 0),
(265, 41, 'no', 'No', 0),
(266, 41, 'no_sabe', 'No se', 0),
(267, 42, 'si', 'Sí', 0),
(268, 42, 'no', 'No', 0),
(269, 42, 'no_sabe', 'No se', 0),
(270, 43, 'no_corresponde', 'NC. No corresponde – el regreso es imposible; demasiado pronto en una emergencia', 0),
(271, 43, 'esperar_aminorar', 'i. Las condiciones del desastre necesitan aminorar', 0),
(272, 43, 'falta_servicios_basicos', 'ii. Falta de servicios básicos en el lugar de origen', 0),
(273, 43, 'esperar_evaluacion_estructural', 'iii. En espera de evaluación estructural', 0),
(274, 43, 'inseguridad', 'iv. La situación de la seguridad no lo permite', 0),
(275, 43, 'no_hay_transporte', 'v. No hay transporte para regresar a casa', 0),
(276, 43, 'otra', 'O. Otra', 0),
(277, 43, 'no_sabe', 'NS. No sabe', 0),
(278, 44, 'insuficiente_espacio', 'i. Insuficiente espacio de albergue', 0),
(279, 44, 'insuficiente_combustible', 'ii. Insuficiente combustible, recursos', 0),
(280, 44, 'acceso_desigual', 'iii. Acceso desigual a servicios y productos básicos', 0),
(281, 44, 'amenazas', 'iv. Amenazas a la seguridad', 0),
(282, 44, 'otra', 'O. Otra', 0),
(283, 44, 'no_sabe', 'NS. No sabe', 0),
(284, 45, 'si', 'Sí', 0),
(285, 45, 'no', 'No', 0),
(286, 45, 'no_sabe', 'No se', 0),
(287, 46, 'television', 'i. Televisión', 0),
(288, 46, 'radio', 'ii. Radio', 0),
(289, 46, 'periodico', 'iii. Periódicos', 0),
(290, 46, 'internet', 'iv. Internet', 0),
(291, 46, 'amigos', 'v. Amigos, vecinos, familia', 0),
(292, 46, 'lideres', 'vi. Líderes comunitarios / religiosos', 0),
(293, 46, 'personal_humanitario', 'v. Personal de ayuda humanitaria', 0),
(294, 46, 'otra', 'O. Otra', 0),
(295, 46, 'ninguna', 'N. Ninguna', 0),
(296, 46, 'no_sabe', 'NS. No sabe', 0),
(297, 47, 'miembros_familia', 'i. Información sobre / Comunicación con miembros de la familia', 0),
(298, 47, 'operaciones_socorro', 'ii. Información sobre las operaciones de socorro', 0),
(299, 47, 'consejo_medico', 'iii. Consejo y tratamiento médico', 0),
(300, 47, 'mercados', 'iv. Información sobre el mercado', 0),
(301, 47, 'seguridad', 'v. Información sobre la seguridad', 0),
(302, 47, 'situacion_lugar_origen', 'vi. Información sobre la situación en el lugar de origen', 0),
(303, 47, 'pronostico', 'vii. Pronóstico meteorológico', 0),
(304, 47, 'otra', 'O. Otra', 0),
(305, 47, 'ninguna', 'N. Ninguna', 0),
(306, 47, 'no_sabe', 'NS. No sabe', 0),
(307, 48, 'si', 'Sí', 0),
(308, 48, 'no', 'No', 0),
(309, 48, 'no_sabe', 'No se', 0),
(310, 49, 'peleas', 'i. Hubo peleas entre los beneficiarios', 0),
(311, 49, 'insuficiencia', 'ii. No hubo suficiente para todas las personas con derecho a recibirla', 0),
(312, 49, 'interrupcion', 'iii. La distribución se interrumpió por un ataque', 0),
(313, 49, 'sobrepeso', 'iv. La ayuda era físicamente demasiado pesada o voluminosa para que las personas vulnerables de la c', 0),
(314, 49, 'no_hay_cobertura', 'v. Algunos grupos de población no están recibiendo ayuda o no tienen acceso justo', 0),
(315, 49, 'demanda_injustificada', 'vi. Los grupos no afectados están exigiendo ayuda humanitaria', 0),
(316, 49, 'interferencia_politica', 'vii. Interferencia política en la distribución de la ayuda', 0),
(317, 49, 'inadecuada', 'viii. La ayuda no respondió a las necesidades reales', 0),
(318, 49, 'no_hay_informacion', 'ix. No hay suficiente información acerca de la ayuda que está disponible', 0),
(319, 49, 'no_se_involucra_comunidad', 'x. El personal de ayuda no involucra a la comunidad', 0),
(320, 49, 'problema_registro_censo', 'xi. Problemas de registro/censo', 0),
(321, 49, 'otra', 'O. Otra', 0),
(322, 49, 'ninguna', 'N. Ninguna', 0),
(323, 49, 'no_sabe', 'NS. No sabe', 0),
(324, 50, 'si', 'Sí', 0),
(325, 50, 'no', 'No', 0),
(326, 50, 'no_sabe', 'No se', 0),
(327, 51, 'si', 'Sí', 0),
(328, 51, 'no', 'No', 0),
(329, 51, 'no_sabe', 'No se', 0),
(330, 52, 'grupos_armados', 'i. Actividades de grupos armados', 0),
(331, 52, 'si', 'Sí', 330),
(332, 52, 'no', 'No', 330),
(333, 52, 'no_sabe', 'No se', 330),
(334, 52, 'minas', 'ii. Presencia de minas antipersonal y/o municiones sin explotar', 0),
(335, 52, 'si', 'Sí', 334),
(336, 52, 'no', 'No', 334),
(337, 52, 'no_sabe', 'No se', 334),
(338, 52, 'delincuencia', 'iii. Delincuencia común', 0),
(339, 52, 'si', 'Sí', 338),
(340, 52, 'no', 'No', 338),
(341, 52, 'no_sabe', 'No se', 338),
(342, 52, 'documentos', 'iv. Falta de documentación de identidad o de viaje', 0),
(343, 52, 'si', 'Sí', 342),
(344, 52, 'no', 'No', 342),
(345, 52, 'no_sabe', 'No se', 342),
(346, 52, 'conflictos', 'v. Conflicto entre comunidades', 0),
(347, 52, 'si', 'Sí', 346),
(348, 52, 'no', 'No', 346),
(349, 52, 'no_sabe', 'No se', 346),
(350, 52, 'obstaculos', 'vi. Obstáculos naturales para salir del lugar', 0),
(351, 52, 'si', 'Sí', 350),
(352, 52, 'no', 'No', 350),
(353, 52, 'no_sabe', 'No se', 350),
(354, 52, 'toque_queda', 'vii. Toques de queda o restricciones en los tiempos o trayectos de viaje u otras restricciones simil', 0),
(355, 52, 'si', 'Sí', 354),
(356, 52, 'no', 'No', 354),
(357, 52, 'no_sabe', 'No se', 354),
(358, 52, 'restriccion', 'viii. Restricciones a la movilidad de las niñas y mujeres u otras discriminaciones', 0),
(359, 52, 'si', 'Sí', 358),
(360, 52, 'no', 'No', 358),
(361, 52, 'no_sabe', 'No se', 358),
(362, 52, 'vias', 'ix. Falta / imposibilidad de la red de transporte', 0),
(363, 52, 'si', 'Sí', 362),
(364, 52, 'no', 'No', 362),
(365, 52, 'no_sabe', 'No se', 362),
(366, 52, 'transporte', 'x. Falta de medios de transporte', 0),
(367, 52, 'si', 'Sí', 366),
(368, 52, 'no', 'No', 366),
(369, 52, 'no_sabe', 'No se', 366),
(370, 52, 'recursos', 'xi. Falta de recursos económicos', 0),
(371, 52, 'si', 'Sí', 370),
(372, 52, 'no', 'No', 370),
(373, 52, 'no_sabe', 'No se', 370),
(374, 52, 'otra', 'O. Otra', 0),
(375, 52, 'si', 'Sí', 374),
(376, 52, 'no', 'No', 374),
(377, 52, 'no_sabe', 'No se', 374),
(378, 53, 'limitacion_fuentes_agua', 'i. Acceso reducido a fuentes de agua', 0),
(379, 53, 'limitacion_servicio_salud', 'ii. Acceso reducido a los servicios de salud', 0),
(380, 53, 'limitacion_distribucion_ayuda', 'iii. Acceso reducido a las distribuciones de ayuda humanitaria', 0),
(381, 53, 'incapacidad_acceso_combustible', 'iv. Incapacidad para acceder a fuentes de combustible', 0),
(382, 53, 'limitacion_trabajo', 'v. Acceso limitado / ningún acceso a fuentes /actividades socioeconómicas', 0),
(383, 53, 'violencia_fisica', 'vi. Riesgo de violencia física, sexual o doméstica', 0),
(384, 53, 'otra', 'O. Otra', 0),
(385, 54, 'si', 'Sí', 0),
(386, 54, 'no', 'No', 0),
(387, 54, 'no_sabe', 'No se', 0),
(388, 55, 'si', 'Sí', 0),
(389, 55, 'no', 'No', 0),
(390, 55, 'no_sabe', 'No se', 0),
(391, 56, 'si', 'Sí', 0),
(392, 56, 'no', 'No', 0),
(393, 56, 'no_sabe', 'No se', 0),
(394, 57, 'si', 'Sí', 0),
(395, 57, 'no', 'No', 0),
(396, 57, 'no_sabe', 'No se', 0),
(397, 58, 'si', 'Sí', 0),
(398, 58, 'no', 'No', 0),
(399, 58, 'no_sabe', 'No se', 0),
(400, 59, 'si', 'Sí', 0),
(401, 59, 'no', 'No', 0),
(402, 59, 'no_sabe', 'No se', 0),
(403, 60, 'centros_religiosos', 'i. Centros / sitios religiosos', 0),
(404, 60, 'centros_culturales', 'ii. Centros culturales', 0),
(405, 60, 'centros_juveniles', 'iii. Centros juveniles', 0),
(406, 60, 'centros_comunitarios', 'iv. Centros comunitarios', 0),
(407, 60, 'otra', 'O. Otra', 0),
(408, 60, 'no_sabe', 'NS. No sabe', 0),
(409, 60, 'no_hay', 'v. No hay', 0),
(410, 61, 'si', 'Sí', 0),
(411, 61, 'no', 'No', 0),
(412, 61, 'no_sabe', 'No se', 0),
(413, 62, 'pozo_bomba_motor', 'i. Perforación o pozo con bomba de funcionamiento a motor', 0),
(414, 62, 'pozo_bomba_manual', 'ii. Perforación o pozo con bomba de funcionamiento manual', 0),
(415, 62, 'nacimiento', 'iii. Nacimiento', 0),
(416, 62, 'pozo_abierto_protegido', 'iv. Pozo abierto protegido', 0),
(417, 62, 'acueducto', 'v. Acueducto', 0),
(418, 62, 'recoleccion_lluvia', 'vi. Recolección de agua lluvia', 0),
(419, 62, 'pozo_abierto_deprotegido', 'vii. Pozo abierto desprotegido', 0),
(420, 62, 'agua_superficial', 'viii. Agua superficial (quebrada, rio o lago)', 0),
(421, 62, 'vendedor_agua', 'ix. Vendedores de agua (incl. carrotanques privados)', 0),
(422, 62, 'ayuda_humanitaria', 'x. Ayuda humanitaria', 0),
(423, 62, 'ninguna', 'N. Ninguna', 0),
(424, 62, 'no_sabe', 'NS. No sabe', 0),
(425, 62, 'otra', 'Otra', 0),
(426, 63, 'si', 'Sí', 0),
(427, 63, 'no', 'No', 0),
(428, 63, 'no_sabe', 'No se', 0),
(429, 64, 'no_hay', 'i. No hay comida, no hay mercado', 0),
(430, 64, 'no_hay_suficiente', 'ii. No hay suficientes alimentos', 0),
(431, 64, 'no_bueno', 'iii. No son lo suficientemente buenos', 0),
(432, 64, 'no_instalaciones', 'iv. No hay instalaciones para cocinar', 0),
(433, 64, 'no_utencilios', 'v. No hay utensilios', 0),
(434, 64, 'no_combustible', 'vi. No hay combustible para cocinar', 0),
(435, 64, 'perdida_tierras', 'vii. Pérdida de tierras agrícolas', 0),
(436, 64, 'perdida_activos', 'viii. Pérdida de activos agrícolas', 0),
(437, 64, 'no_acceso_mercados', 'ix. No hay acceso físico a los mercados', 0),
(438, 64, 'no_dinero', 'x. No hay ingreso, dinero, recursos para comprar alimentos', 0),
(439, 64, 'no_caza', 'xi. No se pueden conseguir alimentos por caza, pezca o recolección en bosque natural', 0),
(440, 64, 'ninguna', 'N. Ninguna', 0),
(441, 64, 'no_sabe', 'NS. No sabe', 0),
(442, 65, 'aumentado', 'Ha aumentado', 0),
(443, 65, 'igual', 'Es la misma', 0),
(444, 65, 'disminuido', 'Ha disminuido', 0),
(445, 65, 'no_sabe', 'NS. No sabe', 0),
(446, 66, 'subsistencia', 'i. Producción de subsistencia', 0),
(447, 66, 'mercado_local', 'ii. Mercado local', 0),
(448, 66, 'ayuda_humanitaria', 'iii. Ayuda humanitaria', 0),
(449, 66, 'no_sabe', 'NS. No sabe', 0),
(450, 67, 'madres', 'i. Programa de madres gestantes', 0),
(451, 67, 'si', 'Sí', 450),
(452, 67, 'no', 'No', 450),
(453, 67, 'no_sabe', 'No se', 450),
(454, 67, 'restaurantes', 'ii. Programa de restaurantes escolares', 0),
(455, 67, 'si', 'Sí', 454),
(456, 67, 'no', 'No', 454),
(457, 67, 'no_sabe', 'No se', 454),
(458, 67, 'comedores', 'iii. Programa de comedores comunitarios', 0),
(459, 67, 'si', 'Sí', 458),
(460, 67, 'no', 'No', 458),
(461, 67, 'no_sabe', 'No se', 458),
(462, 67, 'otro', 'O. Otro', 0),
(463, 67, 'si', 'Sí', 462),
(464, 67, 'no', 'No', 462),
(465, 67, 'no_sabe', 'No se', 462),
(466, 68, 'madres', 'i. Programa de madres gestantes', 0),
(467, 68, 'si', 'Sí', 466),
(468, 68, 'no', 'No', 466),
(469, 68, 'no_sabe', 'No se', 466),
(470, 68, 'restaurantes', 'ii. Programa de restaurantes escolares', 0),
(471, 68, 'si', 'Sí', 470),
(472, 68, 'no', 'No', 470),
(473, 68, 'no_sabe', 'No se', 470),
(474, 68, 'comedores', 'iii. Programa de comedores comunitarios', 0),
(475, 68, 'si', 'Sí', 474),
(476, 68, 'no', 'No', 474),
(477, 68, 'no_sabe', 'No se', 474),
(478, 68, 'otro', 'O. Otro', 0),
(479, 68, 'si', 'Sí', 478),
(480, 68, 'no', 'No', 478),
(481, 68, 'no_sabe', 'No se', 478),
(482, 69, 'si', 'Sí', 0),
(483, 69, 'no', 'No', 0),
(484, 69, 'no_sabe', 'No se', 0),
(485, 70, 'si', 'Sí', 0),
(486, 70, 'no', 'No', 0),
(487, 70, 'no_sabe', 'No se', 0),
(488, 71, 'vivienda', 'i. Vivienda en buen estado', 0),
(489, 71, 'improvisado', 'ii. Albergue improvisado', 0),
(490, 71, 'carpa', 'iii. Carpa', 0),
(491, 71, 'temporal_planificado', 'iv. Albergue planificado temporal o transitorio distinto a tiendas de campaña', 0),
(492, 71, 'danado', 'v. Vivienda o albergue en mal estado', 0),
(493, 71, 'escuela', 'vi. Escuelas, coliseo, centro comunitario', 0),
(494, 71, 'no_hay', 'vii. No hay albergue', 0),
(495, 71, 'otra', 'O. Otras edificaciones', 0),
(496, 71, 'no_sabe', 'NS. No sabe', 0),
(497, 72, 'no_hay_desplazados', 'i. No hay personas desplazadas', 0),
(498, 72, 'familia_receptora', 'ii. Familias receptoras', 0),
(499, 72, 'centros_colectivos', 'iii. Centros colectivos', 0),
(500, 72, 'planificados', 'iv. Albergues planificados', 0),
(501, 72, 'espontaneos', 'v. Albergues espontáneos', 0),
(502, 72, 'disperso', 'vi. Asentamiento disperso', 0),
(503, 72, 'otra', 'O. Otras edificaciones', 0),
(504, 72, 'no_sabe', 'NS. No sabe', 0),
(505, 73, 'no_hay', 'i. No hay albergue', 0),
(506, 73, 'sobrepoblado', 'ii. Los albergues están sobrepoblados', 0),
(507, 73, 'inhabitables', 'iii. Las casas son inhabitables porque están dañadas', 0),
(508, 73, 'no_hay_materiales', 'iv. Los materiales de construcción para reparar/construir albergues no están disponibles', 0),
(509, 73, 'no_hay_habilidades', 'v. Las habilidades para reparar/construir albergues no están disponibles', 0),
(510, 73, 'problema_tierras', 'vi. Posibles quejas relacionadas con problemas de tierras', 0),
(511, 73, 'no_hay_aticulos_basicos', 'vii. Las personas no tienen los artículos domésticos básicos', 0),
(512, 73, 'no_hay_dotacion', 'viii. Dotación de albergue es carente', 0),
(513, 73, 'ninguna', 'N. Ninguna', 0),
(514, 73, 'no_sabe', 'NS. No sabe', 0),
(515, 74, 'si', 'Sí', 0),
(516, 74, 'no', 'No', 0),
(517, 74, 'no_sabe', 'No se', 0),
(518, 75, 'si', 'Sí', 0),
(519, 75, 'no', 'No', 0),
(520, 75, 'no_sabe', 'No se', 0),
(521, 76, 'si', 'Sí', 0),
(522, 76, 'no', 'No', 0),
(523, 76, 'no_sabe', 'No se', 0),
(524, 77, 'si', 'Sí', 0),
(525, 77, 'no', 'No', 0),
(526, 77, 'no_sabe', 'No se', 0),
(527, 78, 'agricultura', 'i. Agricultura', 0),
(528, 78, 'caza_pesca_recoleccion', 'ii. Caza, pesca o recolección en bosque natural', 0),
(529, 78, 'pastoreo', 'iii. Pastoreo', 0),
(530, 78, 'comercio', 'iv. Pequeños negocios/comercios', 0),
(531, 78, 'jornal', 'v. Trabajo diario/jornal', 0),
(532, 78, 'no_sabe', 'NS. No sabe', 0),
(533, 79, 'agricultura', 'i. Agricultura', 0),
(534, 79, 'si', 'Sí', 533),
(535, 79, 'no', 'No', 533),
(536, 79, 'no_sabe', 'No se', 533),
(537, 79, 'agropastoreo', 'ii. Agro-pastoreo', 0),
(538, 79, 'si', 'Sí', 537),
(539, 79, 'no', 'No', 537),
(540, 79, 'no_sabe', 'No se', 537),
(541, 79, 'pastoreo', 'iii. Pastoreo', 0),
(542, 79, 'si', 'Sí', 541),
(543, 79, 'no', 'No', 541),
(544, 79, 'no_sabe', 'No se', 541),
(545, 79, 'comercio', 'iv. Pequeños negocios/comercios', 0),
(546, 79, 'si', 'Sí', 545),
(547, 79, 'no', 'No', 545),
(548, 79, 'no_sabe', 'No se', 545),
(549, 79, 'jornal', 'v. Trabajo diario/jornal', 0),
(550, 79, 'si', 'Sí', 549),
(551, 79, 'no', 'No', 549),
(552, 79, 'no_sabe', 'No se', 549),
(553, 79, 'caza_pesca_recoleccion', 'vi. Caza, pesca o recolección en bosque natural', 0),
(554, 79, 'si', 'Sí', 553),
(555, 79, 'no', 'No', 553),
(556, 79, 'no_sabe', 'No se', 553),
(557, 80, 'si', 'Sí', 0),
(558, 80, 'no', 'No', 0),
(559, 80, 'no_sabe', 'No se', 0),
(560, 82, 'si', 'Sí', 0),
(561, 82, 'no', 'No', 0),
(562, 82, 'no_sabe', 'No se', 0),
(563, 83, 'condon', 'i. Condones gratuitos', 0),
(564, 83, 'si', 'Sí', 563),
(565, 83, 'no', 'No', 563),
(566, 83, 'no_sabe', 'No se', 563),
(567, 83, 'parto', 'ii. Parto limpio en casa', 0),
(568, 83, 'si', 'Sí', 567),
(569, 83, 'no', 'No', 567),
(570, 83, 'no_sabe', 'No se', 567),
(571, 83, 'higiene', 'iii. Promoción de higiene', 0),
(572, 83, 'si', 'Sí', 571),
(573, 83, 'no', 'No', 571),
(574, 83, 'no_sabe', 'No se', 571),
(575, 83, 'consultas', 'iv. Consultas ambulatorias', 0),
(576, 83, 'si', 'Sí', 575),
(577, 83, 'no', 'No', 575),
(578, 83, 'no_sabe', 'No se', 575),
(579, 83, 'vacunacion', 'v. Vacunación de rutina', 0),
(580, 83, 'si', 'Sí', 579),
(581, 83, 'no', 'No', 579),
(582, 83, 'no_sabe', 'No se', 579),
(583, 83, 'obstetricia', 'vi. Atención obstétrica pre y pos-natal', 0),
(584, 83, 'si', 'Sí', 583),
(585, 83, 'no', 'No', 583),
(586, 83, 'no_sabe', 'No se', 583),
(587, 83, 'profilaxis', 'vii. Profilaxis posterior a la exposición para ITS e infecciones por VIH', 0),
(588, 83, 'si', 'Sí', 587),
(589, 83, 'no', 'No', 587),
(590, 83, 'no_sabe', 'No se', 587),
(591, 83, 'hospitalizacion', 'viii. Hospitalización', 0),
(592, 83, 'si', 'Sí', 591),
(593, 83, 'no', 'No', 591),
(594, 83, 'no_sabe', 'No se', 591),
(595, 83, 'cirugia', 'ix. Cirugía', 0),
(596, 83, 'si', 'Sí', 595),
(597, 83, 'no', 'No', 595),
(598, 83, 'no_sabe', 'No se', 595),
(599, 83, 'atencion_parto', 'x. Atención a partos en un centro de salud/hospital', 0),
(600, 83, 'si', 'Sí', 599),
(601, 83, 'no', 'No', 599),
(602, 83, 'no_sabe', 'No se', 599),
(603, 83, 'otro', 'O. Otra', 0),
(604, 83, 'si', 'Sí', 603),
(605, 83, 'no', 'No', 603),
(606, 83, 'no_sabe', 'No se', 603),
(607, 84, 'si', 'Sí', 0),
(608, 84, 'no', 'No', 0),
(609, 84, 'no_sabe', 'No se', 0),
(610, 85, 'si', 'Sí', 0),
(611, 85, 'no', 'No', 0),
(612, 85, 'no_sabe', 'No se', 0),
(613, 86, 'insuficiente', 'i. No se brinda suficiente seguridad', 0),
(614, 86, 'auso', 'ii. Los encargados de la seguridad abusan a las personas de la comunidad ', 0),
(615, 86, 'ninguna', 'N. Ninguna', 0),
(616, 86, 'no_sabe', 'NS. No sabe', 0),
(617, 87, 'ataques', 'i. Ataques directos a la población', 0),
(618, 87, 'combates', 'ii. Combates o enfrentamientos entre grupos armados', 0),
(619, 87, 'crimen', 'iii. Altas tasas de criminalidad y violencia', 0),
(620, 87, 'map_muse', 'iv. Presencia de minas antipersonal o explosivos improvisados', 0),
(621, 87, 'amenaza_desastre_natural', 'v. Continua amenaza de desastres naturales', 0),
(622, 87, 'homicidio_persona_protegida', 'vi. Asesinatos deliberados de civiles', 0),
(623, 87, 'asesinatos', 'vii. Ejecuciones u otros asesinatos', 0),
(624, 87, 'desapariciones', 'viii. Desapariciones forzadas o involuntarias', 0),
(625, 87, 'maltrato', 'ix. Maltrato de la población', 0),
(626, 87, 'violencia_genero', 'x. Violencia contra niñas y mujeres', 0),
(627, 87, 'detenciones', 'xi. Arrestos y detenciones', 0),
(628, 87, 'secuestro_rehenes', 'xii. Secuestro o toma de rehenes', 0),
(629, 87, 'desplazamiento', 'xiii. Desplazamiento', 0),
(630, 87, 'reclutamiento', 'xiv. Vinculación militar', 0),
(631, 87, 'otra', 'O. Otra', 0),
(632, 87, 'ninguna', 'N. Ninguna', 0),
(633, 87, 'no_sabe', 'NS. No sabe', 0),
(634, 88, 'policia', 'i. Policía', 0),
(635, 88, 'fuerzas_armadas', 'ii. Fuerzas armadas nacionales', 0),
(636, 88, 'comunidad', 'iii. Mecanismos comunitarios de protección', 0),
(637, 88, 'otro_grupo_armado', 'iv. Otros grupos armados', 0),
(638, 88, 'ninguno', 'v. Ninguno', 0),
(639, 88, 'no_sabe', 'NS. No sabe', 0),
(640, 89, 'si', 'Sí', 0),
(641, 89, 'no', 'No', 0),
(642, 89, 'no_sabe', 'No se', 0),
(643, 90, 'desercion', 'i. Hay deserción escolar', 0),
(644, 90, 'no_hay_profesores', 'ii. No hay profesores', 0),
(645, 90, 'mal_estado_instalaciones', 'iii. Instalaciones en mal estado', 0),
(646, 90, 'no_hay_dotacion', 'iv. No hay dotación suficiente', 0),
(647, 90, 'escuela_lejos', 'v. La escuela está muy lejos', 0),
(648, 90, 'entorno_no_seguro', 'vi. Los entornos no son seguros', 0),
(649, 90, 'no_hay_alimentacion_escolar', 'vii. No hay programas de alimentación escolar', 0),
(650, 90, 'otra', 'viii. Otras', 0),
(651, 90, 'no_sabe', 'NS. No sabe', 0),
(652, 91, 'si', 'Sí', 0),
(653, 91, 'no', 'No', 0),
(654, 91, 'no_sabe', 'No se', 0),
(655, 92, 'si', 'Sí', 0),
(656, 92, 'no', 'No', 0),
(657, 92, 'no_sabe', 'No se', 0),
(658, 93, 'discapacidad', 'i. Niños con discapacidades', 0),
(659, 93, 'etnicas', 'ii. Minorías étnicas', 0),
(660, 93, 'ninas', 'iii. Niñas', 0),
(661, 93, 'ninos', 'iv. Niños', 0),
(662, 93, 'ninguno', 'N. Ninguno', 0),
(663, 93, 'no_sabe', 'NS. No sabe', 0),
(664, 94, 'si', 'Sí', 0),
(665, 94, 'no', 'No', 0),
(666, 94, 'no_sabe', 'No se', 0),
(667, 95, 'si', 'Sí', 0),
(668, 95, 'no', 'No', 0),
(669, 95, 'no_sabe', 'No se', 0),
(670, 96, 'si', 'Sí', 0),
(671, 96, 'no', 'No', 0),
(672, 96, 'no_sabe', 'No se', 0),
(673, 97, 'si', 'Sí', 0),
(674, 97, 'no', 'No', 0),
(675, 97, 'no_sabe', 'No se', 0),
(676, 98, 'si', 'Sí', 0),
(677, 98, 'no', 'No', 0),
(678, 98, 'no_sabe', 'No se', 0),
(679, 99, 'no_corresponde', 'NC. No corresponde – el regreso es imposible; demasiado pronto en una emergencia', 0),
(680, 99, 'esperar_aminorar', 'i. Las condiciones del desastre necesitan aminorar', 0),
(681, 99, 'falta_servicios_basicos', 'ii. Falta de servicios básicos en el lugar de origen', 0),
(682, 99, 'esperar_evaluacion_estructural', 'iii. En espera de evaluación estructural', 0),
(683, 99, 'inseguridad', 'iv. La situación de la seguridad no lo permite', 0),
(684, 99, 'no_hay_transporte', 'v. No hay transporte para regresar a casa', 0),
(685, 99, 'otra', 'O. Otra', 0),
(686, 99, 'no_sabe', 'NS. No sabe', 0),
(687, 100, 'insuficiente_espacio', 'i. Insuficiente espacio de albergue', 0),
(688, 100, 'insuficiente_combustible', 'ii. Insuficiente combustible, recursos', 0),
(689, 100, 'acceso_desigual', 'iii. Acceso desigual a servicios y productos básicos', 0),
(690, 100, 'amenazas', 'iv. Amenazas a la seguridad', 0),
(691, 100, 'otra', 'O. Otra', 0),
(692, 100, 'no_sabe', 'NS. No sabe', 0),
(693, 101, 'si', 'Sí', 0),
(694, 101, 'no', 'No', 0),
(695, 101, 'no_sabe', 'No se', 0),
(696, 102, 'television', 'i. Televisión', 0),
(697, 102, 'radio', 'ii. Radio', 0),
(698, 102, 'periodico', 'iii. Periódicos', 0),
(699, 102, 'internet', 'iv. Internet', 0),
(700, 102, 'amigos', 'v. Amigos, vecinos, familia', 0),
(701, 102, 'lideres', 'vi. Líderes comunitarios / religiosos', 0),
(702, 102, 'personal_humanitario', 'v. Personal de ayuda humanitaria', 0),
(703, 102, 'otra', 'O. Otra', 0),
(704, 102, 'ninguna', 'N. Ninguna', 0),
(705, 102, 'no_sabe', 'NS. No sabe', 0),
(706, 103, 'miembros_familia', 'i. Información sobre / Comunicación con miembros de la familia', 0),
(707, 103, 'operaciones_socorro', 'ii. Información sobre las operaciones de socorro', 0),
(708, 103, 'consejo_medico', 'iii. Consejo y tratamiento médico', 0),
(709, 103, 'mercados', 'iv. Información sobre el mercado', 0),
(710, 103, 'seguridad', 'v. Información sobre la seguridad', 0),
(711, 103, 'situacion_lugar_origen', 'vi. Información sobre la situación en el lugar de origen', 0),
(712, 103, 'pronostico', 'vii. Pronóstico meteorológico', 0),
(713, 103, 'otra', 'O. Otra', 0),
(714, 103, 'ninguna', 'N. Ninguna', 0),
(715, 103, 'no_sabe', 'NS. No sabe', 0),
(716, 104, 'si', 'Sí', 0),
(717, 104, 'no', 'No', 0),
(718, 104, 'no_sabe', 'No se', 0),
(719, 105, 'peleas', 'i. Hubo peleas entre los beneficiarios', 0),
(720, 105, 'insuficiencia', 'ii. No hubo suficiente para todas las personas con derecho a recibirla', 0),
(721, 105, 'interrupcion', 'iii. La distribución se interrumpió por un ataque', 0),
(722, 105, 'sobrepeso', 'iv. La ayuda era físicamente demasiado pesada o voluminosa para que las personas vulnerables de la c', 0),
(723, 105, 'no_hay_cobertura', 'v. Algunos grupos de población no están recibiendo ayuda o no tienen acceso justo', 0),
(724, 105, 'demanda_injustificada', 'vi. Los grupos no afectados están exigiendo ayuda humanitaria', 0),
(725, 105, 'interferencia_politica', 'vii. Interferencia política en la distribución de la ayuda', 0),
(726, 105, 'inadecuada', 'viii. La ayuda no respondió a las necesidades reales', 0),
(727, 105, 'no_hay_informacion', 'ix. No hay suficiente información acerca de la ayuda que está disponible', 0),
(728, 105, 'no_se_involucra_comunidad', 'x. El personal de ayuda no involucra a la comunidad', 0),
(729, 105, 'problema_registro_censo', 'xi. Problemas de registro/censo', 0),
(730, 105, 'otra', 'O. Otra', 0),
(731, 105, 'ninguna', 'N. Ninguna', 0),
(732, 105, 'no_sabe', 'NS. No sabe', 0),
(733, 106, 'si', 'Sí', 0),
(734, 106, 'no', 'No', 0),
(735, 106, 'no_sabe', 'No se', 0),
(736, 107, 'si', 'Sí', 0),
(737, 107, 'no', 'No', 0),
(738, 107, 'no_sabe', 'No se', 0),
(739, 108, 'grupos_armados', 'i. Actividades de grupos armados', 0),
(740, 108, 'si', 'Sí', 739),
(741, 108, 'no', 'No', 739),
(742, 108, 'no_sabe', 'No se', 739),
(743, 108, 'minas', 'ii. Presencia de minas antipersonal y/o municiones sin explotar', 0),
(744, 108, 'si', 'Sí', 743),
(745, 108, 'no', 'No', 743),
(746, 108, 'no_sabe', 'No se', 743),
(747, 108, 'delincuencia', 'iii. Delincuencia común', 0),
(748, 108, 'si', 'Sí', 747),
(749, 108, 'no', 'No', 747),
(750, 108, 'no_sabe', 'No se', 747),
(751, 108, 'documentos', 'iv. Falta de documentación de identidad o de viaje', 0),
(752, 108, 'si', 'Sí', 751),
(753, 108, 'no', 'No', 751),
(754, 108, 'no_sabe', 'No se', 751),
(755, 108, 'conflictos', 'v. Conflicto entre comunidades', 0),
(756, 108, 'si', 'Sí', 755),
(757, 108, 'no', 'No', 755),
(758, 108, 'no_sabe', 'No se', 755),
(759, 108, 'obstaculos', 'vi. Obstáculos naturales para salir del lugar', 0),
(760, 108, 'si', 'Sí', 759),
(761, 108, 'no', 'No', 759),
(762, 108, 'no_sabe', 'No se', 759),
(763, 108, 'toque_queda', 'vii. Toques de queda o restricciones en los tiempos o trayectos de viaje u otras restricciones simil', 0),
(764, 108, 'si', 'Sí', 763),
(765, 108, 'no', 'No', 763),
(766, 108, 'no_sabe', 'No se', 763),
(767, 108, 'restriccion', 'viii. Restricciones a la movilidad de las niñas y mujeres u otras discriminaciones', 0),
(768, 108, 'si', 'Sí', 767),
(769, 108, 'no', 'No', 767),
(770, 108, 'no_sabe', 'No se', 767),
(771, 108, 'vias', 'ix. Falta / imposibilidad de la red de transporte', 0),
(772, 108, 'si', 'Sí', 771),
(773, 108, 'no', 'No', 771),
(774, 108, 'no_sabe', 'No se', 771),
(775, 108, 'transporte', 'x. Falta de medios de transporte', 0),
(776, 108, 'si', 'Sí', 775),
(777, 108, 'no', 'No', 775),
(778, 108, 'no_sabe', 'No se', 775),
(779, 108, 'recursos', 'xi. Falta de recursos económicos', 0),
(780, 108, 'si', 'Sí', 779),
(781, 108, 'no', 'No', 779),
(782, 108, 'no_sabe', 'No se', 779),
(783, 108, 'otra', 'O. Otra', 0),
(784, 108, 'si', 'Sí', 783),
(785, 108, 'no', 'No', 783),
(786, 108, 'no_sabe', 'No se', 783),
(787, 109, 'limitacion_fuentes_agua', 'i. Acceso reducido a fuentes de agua', 0),
(788, 109, 'limitacion_servicio_salud', 'ii. Acceso reducido a los servicios de salud', 0),
(789, 109, 'limitacion_distribucion_ayuda', 'iii. Acceso reducido a las distribuciones de ayuda humanitaria', 0),
(790, 109, 'incapacidad_acceso_combustible', 'iv. Incapacidad para acceder a fuentes de combustible', 0),
(791, 109, 'limitacion_trabajo', 'v. Acceso limitado / ningún acceso a fuentes /actividades socioeconómicas', 0),
(792, 109, 'violencia_fisica', 'vi. Riesgo de violencia física, sexual o doméstica', 0),
(793, 109, 'otra', 'O. Otra', 0),
(794, 110, 'si', 'Sí', 0),
(795, 110, 'no', 'No', 0),
(796, 110, 'no_sabe', 'No se', 0),
(797, 111, 'si', 'Sí', 0),
(798, 111, 'no', 'No', 0),
(799, 111, 'no_sabe', 'No se', 0),
(800, 112, 'si', 'Sí', 0),
(801, 112, 'no', 'No', 0),
(802, 112, 'no_sabe', 'No se', 0),
(803, 113, 'si', 'Sí', 0),
(804, 113, 'no', 'No', 0),
(805, 113, 'no_sabe', 'No se', 0),
(806, 114, 'si', 'Sí', 0),
(807, 114, 'no', 'No', 0),
(808, 114, 'no_sabe', 'No se', 0),
(809, 115, 'si', 'Sí', 0),
(810, 115, 'no', 'No', 0),
(811, 115, 'no_sabe', 'No se', 0),
(812, 116, 'centros_religiosos', 'i. Centros / sitios religiosos', 0),
(813, 116, 'centros_culturales', 'ii. Centros culturales', 0),
(814, 116, 'centros_juveniles', 'iii. Centros juveniles', 0),
(815, 116, 'centros_comunitarios', 'iv. Centros comunitarios', 0),
(816, 116, 'otra', 'O. Otra', 0),
(817, 116, 'no_sabe', 'NS. No sabe', 0),
(818, 116, 'no_hay', 'v. No hay', 0),
(819, 25, 'si', 'Sí', 0),
(820, 25, 'no', 'No', 0),
(821, 25, 'no_sabe', 'No sabe', 0),
(822, 81, 'si', 'Sí', 0),
(823, 81, 'no', 'No', 0),
(824, 81, 'no_sabe', 'No sabe', 0);

-- --------------------------------------------------------

--
-- Estructura de tabla para la tabla `questions`
--

CREATE TABLE `questions` (
  `id` int(11) NOT NULL,
  `text_id` int(11) NOT NULL,
  `topic_id` int(11) NOT NULL,
  `keyvar` varchar(100) COLLATE utf8_spanish_ci NOT NULL,
  `parent` int(11) DEFAULT NULL,
  `utilities` text COLLATE utf8_spanish_ci NOT NULL
) ENGINE=InnoDB DEFAULT CHARSET=utf8 COLLATE=utf8_spanish_ci;

--
-- Volcado de datos para la tabla `questions`
--

INSERT INTO `questions` (`id`, `text_id`, `topic_id`, `keyvar`, `parent`, `utilities`) VALUES
(5, 3, 32, 'problema', 0, '{"priority":false,"multiple":false, "normalized":false, "checked_yes":false}'),
(6, 4, 32, 'fuentes', 5, '{"priority":false,"multiple":true, "normalized":true, "checked_yes":true}'),
(7, 5, 35, 'problema', 0, '{"priority":false,"multiple":false, "normalized":false, "checked_yes":false}'),
(8, 6, 35, 'inquietudes', 7, '{"priority":true,"multiple":true, "weights":[10,5,3], "normalized":true, "checked_yes":true}'),
(9, 7, 35, 'cantidad_cambio', 7, '{"priority":false,"multiple":false, "normalized":true, "checked_yes":true}'),
(10, 8, 35, 'fuentes', 7, '{"priority":false,"multiple":true, "normalized":true, "checked_yes":true}'),
(11, 9, 35, 'programas', 7, '{"priority":false,"multiple":false, "normalized":false, "checked_yes":true}'),
(12, 10, 35, 'programas_prev', 7, '{"priority":false,"multiple":false, "normalized":false, "checked_yes":true}'),
(13, 11, 35, 'salud_diarrea_niños', 7, '{"priority":false,"multiple":false, "normalized":false, "checked_yes":false}'),
(14, 12, 41, 'problema', 0, '{"priority":false,"multiple":false, "normalized":false, "checked_yes":false}'),
(15, 13, 41, 'tipo', 14, '{"priority":false,"multiple":true, "normalized":true, "checked_yes":false}'),
(16, 14, 41, 'desplazados', 14, '{"priority":false,"multiple":true, "normalized":true, "checked_yes":true}'),
(17, 15, 41, 'inquietud', 14, '{"priority":true,"multiple":true, "weights":[10,5,3,1], "normalized":true, "checked_yes":false}'),
(18, 16, 33, 'problema', 0, '{"priority":false,"multiple":false, "normalized":false, "checked_yes":false}'),
(19, 17, 42, 'problema', 0, '{"priority":false,"multiple":false, "normalized":false,"checked_yes":false}'),
(20, 18, 36, 'problema', 0, '{"priority":false,"multiple":false, "normalized":false, "checked_yes":false}'),
(21, 19, 34, 'problema', 0, '{"priority":false,"multiple":false, "normalized":false, "checked_yes":false}'),
(22, 20, 34, 'fuente', 21, '{"priority":true,"multiple":true, "weights":[10,5,3,1], "normalized":true, "checked_yes":true}'),
(23, 21, 34, 'fuente_afectacion', 21, '{"priority":false,"multiple":true, "normalized":false, "checked_yes":false}'),
(24, 22, 47, 'problema', 0, '{"priority":false,"multiple":false, "normalized":false, "checked_yes":false}'),
(25, 23, 47, 'condiciones', 24, '{"priority":false,"multiple":false, "normalized":false, "checked_yes":false}'),
(26, 24, 43, 'problema', 0, '{"priority":false,"multiple":false, "normalized":false, "checked_yes":false}'),
(27, 25, 43, 'servicios', 26, '{"priority":false,"multiple":true, "normalized":false, "checked_yes":true}'),
(28, 26, 37, 'problema', 0, '{"priority":false,"multiple":false, "normalized":false, "checked_yes":false}'),
(29, 27, 31, 'problema', 0, '{"priority":false,"multiple":false, "normalized":false, "checked_yes":false}'),
(30, 28, 31, 'inquietud_seguridad', 29, '{"priority":false,"multiple":true, "normalized":true, "checked_yes":false}'),
(31, 29, 31, 'problema_seguridad', 29, '{"priority":false,"multiple":true, "normalized":true, "checked_yes":false}'),
(32, 30, 31, 'mecanismos_seguridad', 29, '{"priority":false,"multiple":true, "normalized":true, "checked_yes":false}'),
(33, 31, 38, 'problema', 0, '{"priority":false,"multiple":false, "normalized":false, "checked_yes":false}'),
(34, 32, 38, 'causa', 33, '{"priority":false,"multiple":true, "normalized":true, "checked_yes":true}'),
(35, 33, 38, 'asistencia', 33, '{"priority":false,"multiple":false, "normalized":false, "checked_yes":true}'),
(36, 34, 38, 'asistencia_previa', 33, '{"priority":false,"multiple":false, "normalized":false, "checked_yes":true}'),
(37, 35, 38, 'asistencia_participacion', 33, '{"priority":true,"multiple":false, "weights":[10,5,3], "normalized":true, "checked_yes":false}'),
(38, 36, 56, 'problema', 0, '{"priority":false,"multiple":false, "normalized":false, "checked_yes":false}'),
(39, 37, 48, 'problema', 0, '{"priority":false,"multiple":false, "normalized":false, "checked_yes":false}'),
(40, 38, 49, 'problema', 0, '{"priority":false,"multiple":false, "normalized":false, "checked_yes":false}'),
(41, 39, 50, 'problema', 0, '{"priority":false,"multiple":false, "normalized":false, "checked_yes":false}'),
(42, 40, 51, 'problema', 0, '{"priority":false,"multiple":false, "normalized":false, "checked_yes":false}'),
(43, 41, 51, 'retorno', 42, '{"priority":false,"multiple":true, "normalized":true, "checked_yes":true}'),
(44, 42, 51, 'cohabitacion', 42, '{"priority":false,"multiple":true, "normalized":true, "checked_yes":true}'),
(45, 43, 39, 'problema', 0, '{"priority":false,"multiple":false, "normalized":false, "checked_yes":false}'),
(46, 44, 39, 'fuentes', 45, '{"priority":false,"multiple":true, "normalized":true, "checked_yes":false}'),
(47, 45, 39, 'intereses', 45, '{"priority":false,"multiple":true, "normalized":true, "checked_yes":true}'),
(48, 46, 52, 'problema', 0, '{"priority":false,"multiple":false, "normalized":false, "checked_yes":false}'),
(49, 47, 52, 'asistencia', 48, '{"priority":false,"multiple":true, "normalized":true, "checked_yes":false}'),
(50, 48, 53, 'problema', 0, '{"priority":false,"multiple":false, "normalized":false, "checked_yes":false}'),
(51, 49, 44, 'problema', 0, '{"priority":false,"multiple":false, "normalized":false, "checked_yes":false}'),
(52, 50, 44, 'restriccion_causas', 51, '{"priority":false,"multiple":true, "normalized":false, "checked_yes":true}'),
(53, 51, 44, 'restriccion_consecuencias', 51, '{"priority":true,"multiple":true, "weights":[10,5,3,1], "normalized":true, "checked_yes":false}'),
(54, 52, 45, 'problema', 0, '{"priority":false,"multiple":false, "normalized":false, "checked_yes":false}'),
(55, 53, 40, 'problema', 0, '{"priority":false,"multiple":false, "normalized":false, "checked_yes":false}'),
(56, 54, 54, 'problema', 0, '{"priority":false,"multiple":false, "normalized":false, "checked_yes":false}'),
(57, 55, 55, 'problema', 0, '{"priority":false,"multiple":false, "normalized":false, "checked_yes":false}'),
(58, 56, 57, 'problema', 0, '{"priority":false,"multiple":false, "normalized":false, "checked_yes":false}'),
(59, 57, 46, 'problema', 0, '{"priority":false,"multiple":false, "normalized":false, "checked_yes":false}'),
(60, 58, 46, 'proteccion_infraestructura', 0, '{"priority":true,"multiple":true, "normalized":true, "weights": [10,5,3], "checked_yes":false}'),
(61, 3, 59, 'problema', 0, '{"priority":false,"multiple":false, "normalized":false}'),
(62, 4, 59, 'fuentes', 61, '{"priority":false,"multiple":true, "normalized":true}'),
(63, 5, 62, 'problema', 0, '{"priority":false,"multiple":false, "normalized":false}'),
(64, 6, 62, 'inquietudes', 63, '{"priority":true,"multiple":true, "weights":[10,5,3], "normalized":true}'),
(65, 7, 62, 'cantidad_cambio', 63, '{"priority":false,"multiple":false, "normalized":true}'),
(66, 8, 62, 'fuentes', 63, '{"priority":false,"multiple":true, "normalized":true}'),
(67, 9, 62, 'programas', 63, '{"priority":false,"multiple":false, "normalized":false}'),
(68, 10, 62, 'programas_prev', 63, '{"priority":false,"multiple":false, "normalized":false}'),
(69, 11, 62, 'salud_diarrea_niños', 63, '{"priority":false,"multiple":false, "normalized":false}'),
(70, 12, 68, 'problema', 0, '{"priority":false,"multiple":false, "normalized":false}'),
(71, 13, 68, 'tipo', 70, '{"priority":false,"multiple":true, "normalized":true}'),
(72, 14, 68, 'desplazados', 70, '{"priority":false,"multiple":true, "normalized":true}'),
(73, 15, 68, 'inquietud', 70, '{"priority":true,"multiple":true, "weights":[10,5,3,1], "normalized":true}'),
(74, 16, 60, 'problema', 0, '{"priority":false,"multiple":false, "normalized":false}'),
(75, 17, 69, 'problema', 0, '{"priority":false,"multiple":false, "normalized":false}'),
(76, 18, 63, 'problema', 0, '{"priority":false,"multiple":false, "normalized":false}'),
(77, 19, 61, 'problema', 0, '{"priority":false,"multiple":false, "normalized":false}'),
(78, 20, 61, 'fuente', 77, '{"priority":true,"multiple":true, "weights":[10,5,3,1], "normalized":true}'),
(79, 21, 61, 'fuente_afectacion', 77, '{"priority":false,"multiple":true, "normalized":false}'),
(80, 22, 74, 'problema', 0, '{"priority":false,"multiple":false, "normalized":false}'),
(81, 23, 74, 'condiciones', 80, '{"priority":false,"multiple":false, "normalized":false}'),
(82, 24, 70, 'problema', 0, '{"priority":false,"multiple":false, "normalized":false}'),
(83, 25, 70, 'servicios', 82, '{"priority":false,"multiple":true, "normalized":false}'),
(84, 26, 64, 'problema', 0, '{"priority":false,"multiple":false, "normalized":false}'),
(85, 27, 58, 'problema', 0, '{"priority":false,"multiple":false, "normalized":false}'),
(86, 28, 58, 'inquietud_seguridad', 85, '{"priority":false,"multiple":true, "normalized":true}'),
(87, 29, 58, 'problema_seguridad', 85, '{"priority":false,"multiple":true, "normalized":true}'),
(88, 30, 58, 'mecanismos_seguridad', 85, '{"priority":false,"multiple":true, "normalized":true}'),
(89, 31, 65, 'problema', 0, '{"priority":false,"multiple":false, "normalized":false}'),
(90, 32, 65, 'causa', 89, '{"priority":false,"multiple":true, , "normalized":true}'),
(91, 33, 65, 'asistencia', 89, '{"priority":false,"multiple":false, "normalized":false}'),
(92, 34, 65, 'asistencia_previa', 89, '{"priority":false,"multiple":false, "normalized":false}'),
(93, 35, 65, 'asistencia_participacion', 89, '{"priority":true,"multiple":false, "weights":[10,5,3], "normalized":true}'),
(94, 36, 83, 'problema', 0, '{"priority":false,"multiple":false, "normalized":false}'),
(95, 37, 75, 'problema', 0, '{"priority":false,"multiple":false, "normalized":false}'),
(96, 38, 76, 'problema', 0, '{"priority":false,"multiple":false, "normalized":false}'),
(97, 39, 77, 'problema', 0, '{"priority":false,"multiple":false, "normalized":false}'),
(98, 40, 78, 'problema', 0, '{"priority":false,"multiple":false, "normalized":false}'),
(99, 41, 78, 'retorno', 98, '{"priority":false,"multiple":true, "normalized":true}'),
(100, 42, 78, 'cohabitacion', 98, '{"priority":false,"multiple":true, "normalized":true}'),
(101, 43, 66, 'problema', 0, '{"priority":false,"multiple":false, "normalized":false}'),
(102, 44, 66, 'fuentes', 101, '{"priority":false,"multiple":true, "normalized":true}'),
(103, 45, 66, 'intereses', 101, '{"priority":false,"multiple":true, "normalized":true}'),
(104, 46, 79, 'problema', 0, '{"priority":false,"multiple":false, "normalized":false}'),
(105, 47, 79, 'asistencia', 104, '{"priority":false,"multiple":true, "normalized":true}'),
(106, 48, 80, 'problema', 0, '{"priority":false,"multiple":false, "normalized":false}'),
(107, 49, 71, 'problema', 0, '{"priority":false,"multiple":false, "normalized":false}'),
(108, 50, 71, 'restriccion_causas', 107, '{"priority":false,"multiple":true, "normalized":false}'),
(109, 51, 71, 'restriccion_consecuencias', 107, '{"priority":true,"multiple":true, "normalized":true}'),
(110, 52, 72, 'problema', 0, '{"priority":false,"multiple":false, "normalized":false}'),
(111, 53, 67, 'problema', 0, '{"priority":false,"multiple":false, "normalized":false}'),
(112, 54, 81, 'problema', 0, '{"priority":false,"multiple":false, "normalized":false}'),
(113, 55, 82, 'problema', 0, '{"priority":false,"multiple":false, "normalized":false}'),
(114, 56, 84, 'problema', 0, '{"priority":false,"multiple":false, "normalized":false}'),
(115, 57, 73, 'problema', 0, '{"priority":false,"multiple":false, "normalized":false}'),
(116, 58, 73, 'proteccion_infraestructura', 0, '{"priority":true,"multiple":true, "normalized":true}');

-- --------------------------------------------------------

--
-- Estructura de tabla para la tabla `q_text`
--

CREATE TABLE `q_text` (
  `id` int(11) NOT NULL,
  `text` varchar(255) COLLATE utf8_spanish_ci NOT NULL
) ENGINE=InnoDB DEFAULT CHARSET=utf8 COLLATE=utf8_spanish_ci;

--
-- Volcado de datos para la tabla `q_text`
--

INSERT INTO `q_text` (`id`, `text`) VALUES
(3, 'Existe algún problema de acceso a fuentes seguras de agua en su comunidad'),
(4, 'Cuáles son las fuentes principales de agua en su comunidad'),
(5, 'Existe un severo problema en su comunidad con la alimentación'),
(6, 'Cuáles son las principales inquietudes en relación con la alimentación en su comunidad'),
(7, 'Existen cambios significativos en la cantidad total de alimentos que las personas consumen desde la emergencia, en promedio'),
(8, 'Cuáles son las fuentes principales de alimentación en su comunidad'),
(9, 'Tienen las personas en su comunidad acceso (incluyendo consideraciones físicas, financieras y culturales, etc.) a los siguientes programas'),
(10, 'Antes de la emergencia, ¿las personas de su comunidad tenían acceso a los siguientes programas (para emergencias súbitas)'),
(11, 'Considera que hay un grave problema por casos de diarrea y gripa en los niños y niñas menores de 5 años desde que se presentó la emergencia'),
(12, 'Existe un severo problema en su comunidad debido a que las personas no tienen un lugar digno donde vivir'),
(13, 'Cuáles son los tipos principales de albergue en los que viven las personas de su comunidad'),
(14, 'Dónde se alojan principalmente las personas desplazadas o sin hogar por razón de desastres que viven en su comunidad'),
(15, 'Cuáles son las inquietudes principales para satisfacer las necesidades de albergue de los afectados'),
(16, 'Existe un severo problema en su comunidad debido a que las personas no tienen acceso fácil y seguro a baterías sanitarias en funcionamiento y limpias'),
(17, 'Existe un severo problema en su comunidad para el aseo personal; por ejemplo, debido a que no hay suficiente jabón, agua o un lugar apropiado para lavarse'),
(18, 'Existe un severo problema en su comunidad debido a que las personas no tienen suficiente ropa, zapatos, ropa de cama o mantas, toallas higiénicas, papel higiénico, o no son lo suficientemente adecuados'),
(19, 'Existe un severo problema en su comunidad debido a que las personan no tienen suficientes ingresos, dinero o recursos para vivir'),
(20, 'Cuáles son tradicionalmente las fuentes principales de ingresos de las personas en su comunidad'),
(21, 'Resultaron las siguientes fuentes de ingresos afectadas por el desastre'),
(22, 'Existen severos problemas en su comunidad con relación a la salud física; por ejemplo, porque las personas tienen afecciones físicas, lesiones o discapacidad'),
(23, 'Las condiciones de salud física se empeoraron tras la situación de emergencia'),
(24, 'Existe un severo problema en su comunidad debido a que las personas no pueden obtener atención médica adecuada; por ejemplo, tratamiento especializado, medicamentos o atención médica durante el embarazo o parto'),
(25, 'Tienen las personas en su comunidad acceso a los siguientes servicios de salud'),
(26, 'Existe un severo problema en su comunidad debido a que las personas se sienten afligidas; por ejemplo, muy molestas, preocupadas, asustadas o enojadas'),
(27, 'Existe un severo problema en su comunidad debido a que las personas no se sienten seguras ni protegidas en los lugares donde actualmente viven; por ejemplo, debido a conflictos, violencia o delincuencia en su comunidad, vereda o ciudad'),
(28, 'Cuáles son las inquietudes principales relacionadas con la seguridad en la comunidad'),
(29, 'Cuáles son los problemas principales que enfrentan las personas en su comunidad en términos de seguridad'),
(30, 'Cuáles son los principales mecanismos de seguridad en su comunidad'),
(31, 'Existe un severo problema en su comunidad debido a que los NNAJ no están en la escuela o no están obteniendo una educación lo suficientemente buena'),
(32, 'Cuáles son los problemas principales que enfrentan las personas en su comunidad en términos de educación'),
(33, 'Asiste a la escuela la mayoría de los/as niños/niñas en edad escolar (>75%)'),
(34, 'Asistía a la escuela la mayoría de los/as niños/niñas en edad escolar (>75%) antes del evento'),
(35, 'Cuáles son los grupos en edad escolar con menos probabilidades de participar en la escuela'),
(36, 'Existe un severo problema en su comunidad debido a que las personas tienen dificultades para atender a los miembros de la familia que viven con ellos; por ejemplo, sus hijos/as o miembros de la familia adultos mayores que se encuentran con discapacidad o '),
(37, 'Existe un severo problema en su comunidad debido a que no se brinda suficiente atención a las personas que están solas; por ejemplo, niños y niñas no acompañados, viudas o adultos mayores o personas solas que tienen una enfermedad física o mental o discap'),
(38, 'Existe un severo problema en su comunidad debido a que las personas no están obteniendo suficiente apoyo de otras personas en la comunidad; por ejemplo, apoyo emocional o ayuda práctica'),
(39, 'Existe un severo problema en su comunidad debido a que las personas han estado separadas de los miembros de la familia'),
(40, 'Existe un severo problema en su comunidad debido a la llegada de población desplazada'),
(41, 'Cuáles son las razones principales por las que las personas no pueden regresar a sus casas'),
(42, 'Cuáles son las preocupaciones principales en relación con la cohabitación entre las personas de su comunidad y las comunidades receptoras/desplazadas'),
(43, 'Existe un severo problema en su comunidad debido a que las personas no tienen suficiente información; por ejemplo, acerca de la situación en que viven ahora o la situación en su sitio de origen'),
(44, 'Cuáles son las principales fuentes de información/comunicación en su comunidad'),
(45, 'Cuál es la información más importante para su comunidad'),
(46, 'Existe un severo problema en su comunidad debido a ayuda inadecuada; por ejemplo, porque las personas no tienen información acerca de la ayuda que está disponible, porque las personas no tienen acceso justo a la ayuda que está disponible o porque el perso'),
(47, 'Cuáles han sido los problemas en la prestación de ayuda humanitaria'),
(48, 'Existe un severo problema en su comunidad debido a que las personas no se sienten respetadas o se sienten humilladas/estigmatizadas; por ejemplo, debido a la situación en la que viven o debido a la forma en que otras personas las tratan, incluyendo el per'),
(49, 'Existe un severo problema en su comunidad debido a que las personas no pueden movilizarse de un lugar a otro; por ejemplo, ir a otra vereda o pueblo'),
(50, 'Está la movilización restringida por cualquiera de las siguientes razones'),
(51, 'Cuáles son las consecuencias principales que resultan de la restricción de la movilización'),
(52, 'Existe un severo problema en su comunidad debido a que las personas tienen demasiado tiempo libre durante el día'),
(53, 'Existe un severo problema en su comunidad debido a que las personas no conocen lo suficientemente sus derechos legales'),
(54, 'Existe un severo problema para las personas en su comunidad debido a violencia física o sexual, ya sea en la comunidad o en sus hogares'),
(55, 'Existe un severo problema en su comunidad debido a que las personas ingieren demasiado alcohol o usan drogas perjudiciales'),
(56, 'Existe un severo problema en su comunidad debido a que las personas sufren algún trastorno mental'),
(57, 'Existe un severo problema en su comunidad debido a que las personas ya no tienen acceso a recursos comunitarios claves'),
(58, 'Qué infraestructura (vida comunitaria) es actualmente la más crucial para las personas en su comunidad'),
(59, 'Por favor identifique las áreas problemáticas prioritarias dentro de su comunidad entre todos los elementos que se identifican como “un problema severo”'),
(60, 'Para cada área problemática prioritaria liste los subgrupos dentro de su comunidad que pueden ser los más afectados');

-- --------------------------------------------------------

--
-- Estructura de tabla para la tabla `respondents`
--

CREATE TABLE `respondents` (
  `id` int(11) NOT NULL,
  `poblacion` text COLLATE utf8_spanish_ci NOT NULL,
  `rol` text COLLATE utf8_spanish_ci NOT NULL,
  `surv_bor_id` int(11) NOT NULL
) ENGINE=InnoDB DEFAULT CHARSET=utf8 COLLATE=utf8_spanish_ci;

--
-- Volcado de datos para la tabla `respondents`
--

INSERT INTO `respondents` (`id`, `poblacion`, `rol`, `surv_bor_id`) VALUES
(1, 'campesina', 'Presidente JAC', 1),
(2, 'campesina', 'Lider Comunitaria', 1),
(3, 'campesina', 'Presidente JAC', 1),
(4, 'campesina', 'Presidente JAC', 1),
(5, 'indígena', 'Gobernador indígena', 1),
(6, 'campesina', 'Líder asociación víctimas MAP', 1);

-- --------------------------------------------------------

--
-- Estructura de tabla para la tabla `surveys`
--

CREATE TABLE `surveys` (
  `id` int(11) NOT NULL,
  `name` varchar(255) COLLATE utf8_spanish_ci NOT NULL
) ENGINE=InnoDB DEFAULT CHARSET=utf8 COLLATE=utf8_spanish_ci;

--
-- Volcado de datos para la tabla `surveys`
--

INSERT INTO `surveys` (`id`, `name`) VALUES
(1, 'COMIRA1R7');

-- --------------------------------------------------------

--
-- Estructura de tabla para la tabla `survey_borough`
--

CREATE TABLE `survey_borough` (
  `id` int(11) NOT NULL,
  `survey_id` int(11) NOT NULL,
  `borough_id` int(11) NOT NULL,
  `starting_date` datetime NOT NULL DEFAULT '2001-01-01 00:00:00',
  `finish_date` datetime NOT NULL DEFAULT '2002-02-02 00:00:00',
  `created_at` timestamp NOT NULL DEFAULT CURRENT_TIMESTAMP ON UPDATE CURRENT_TIMESTAMP,
  `updated_at` timestamp NOT NULL DEFAULT '0000-00-00 00:00:00'
) ENGINE=InnoDB DEFAULT CHARSET=utf8 COLLATE=utf8_spanish_ci;

--
-- Volcado de datos para la tabla `survey_borough`
--

INSERT INTO `survey_borough` (`id`, `survey_id`, `borough_id`, `starting_date`, `finish_date`, `created_at`, `updated_at`) VALUES
(1, 1, 1, '2001-01-01 00:00:00', '2002-02-02 00:00:00', '2017-03-10 16:30:31', '0000-00-00 00:00:00'),
(2, 1, 2, '2015-06-17 10:21:25', '2015-06-20 14:25:45', '2017-03-23 13:31:10', '0000-00-00 00:00:00');

-- --------------------------------------------------------

--
-- Estructura de tabla para la tabla `topics`
--

CREATE TABLE `topics` (
  `id` int(11) NOT NULL,
  `name` varchar(200) COLLATE utf8_spanish_ci NOT NULL,
  `keyvar` varchar(100) COLLATE utf8_spanish_ci NOT NULL,
  `surv_bor_id` int(11) NOT NULL
) ENGINE=InnoDB DEFAULT CHARSET=utf8 COLLATE=utf8_spanish_ci;

--
-- Volcado de datos para la tabla `topics`
--

INSERT INTO `topics` (`id`, `name`, `keyvar`, `surv_bor_id`) VALUES
(31, 'Protección', 'proteccion', 1),
(32, 'Agua', 'agua', 1),
(33, 'Saneamiento', 'sanitario', 1),
(34, 'Ingresos', 'ingreso', 1),
(35, 'Alimentación', 'alimentos', 1),
(36, 'Artículos no alimentarios', 'item_no_alimentario', 1),
(37, 'Salud Mental', 'salud_mental', 1),
(38, 'Educación', 'educacion', 1),
(39, 'Información', 'comunicacion', 1),
(40, 'Derechos Legales', 'proteccion_derechos', 1),
(41, 'Vivienda/Albergue', 'alojamiento', 1),
(42, 'Higiene', 'lavado_personal', 1),
(43, 'Atención Médica', 'salud_acceso', 1),
(44, 'Movilización', 'acceso', 1),
(45, 'Tiempo Libre', 'salud_ocio', 1),
(46, 'Infraestructura', 'proteccion_acceso_recursos', 1),
(47, 'Salud Física', 'salud', 1),
(48, 'Cuidado comunitario', 'salud_cobertura', 1),
(49, 'Apoyo comunitario', 'salud_emocional', 1),
(50, 'Separación', 'separacion', 1),
(51, 'Desplazamiento', 'llegada_desplazados', 1),
(52, 'Ayuda', 'ayuda', 1),
(53, 'Respeto', 'respeto', 1),
(54, 'Violencia', 'proteccion_violencia', 1),
(55, 'Alcohol/Drogas', 'salud_psicoactivos', 1),
(56, 'Cuidado Familiar', 'salud_atencion', 1),
(57, 'Trastorno Mental', 'salud_enfermedad_mental', 1),
(58, 'Protección', 'proteccion', 2),
(59, 'Agua', 'agua', 2),
(60, 'Saneamiento', 'sanitario', 2),
(61, 'Ingresos', 'ingreso', 2),
(62, 'Alimentación', 'alimentos', 2),
(63, 'Artículos no alimentarios', 'item_no_alimentario', 2),
(64, 'Salud Mental', 'salud_mental', 2),
(65, 'Educación', 'educacion', 2),
(66, 'Información', 'comunicacion', 2),
(67, 'Derechos Legales', 'proteccion_derechos', 2),
(68, 'Vivienda/Albergue', 'alojamiento', 2),
(69, 'Higiene', 'lavado_personal', 2),
(70, 'Atención Médica', 'salud_acceso', 2),
(71, 'Movilización', 'acceso', 2),
(72, 'Tiempo Libre', 'salud_ocio', 2),
(73, 'Infraestructura', 'proteccion_acceso_recursos', 2),
(74, 'Salud Física', 'salud', 2),
(75, 'Cuidado comunitario', 'salud_cobertura', 2),
(76, 'Apoyo comunitario', 'salud_emocional', 2),
(77, 'Separación', 'separacion', 2),
(78, 'Desplazamiento', 'llegada_desplazados', 2),
(79, 'Ayuda', 'ayuda', 2),
(80, 'Respeto', 'respeto', 2),
(81, 'Violencia', 'proteccion_violencia', 2),
(82, 'Alcohol/Drogas', 'salud_psicoactivos', 2),
(83, 'Cuidado Familiar', 'salud_atencion', 2),
(84, 'Trastorno Mental', 'salud_enfermedad_mental', 2);

--
-- Índices para tablas volcadas
--

--
-- Indices de la tabla `answers`
--
ALTER TABLE `answers`
  ADD PRIMARY KEY (`id`),
  ADD KEY `option_id` (`option_id`);

--
-- Indices de la tabla `boroughs`
--
ALTER TABLE `boroughs`
  ADD PRIMARY KEY (`id`),
  ADD KEY `boroughs_fk0` (`department_id`);

--
-- Indices de la tabla `departments`
--
ALTER TABLE `departments`
  ADD PRIMARY KEY (`id`);

--
-- Indices de la tabla `options`
--
ALTER TABLE `options`
  ADD PRIMARY KEY (`id`),
  ADD KEY `question_id` (`question_id`);

--
-- Indices de la tabla `questions`
--
ALTER TABLE `questions`
  ADD PRIMARY KEY (`id`),
  ADD KEY `question_fk0` (`topic_id`),
  ADD KEY `text_id` (`text_id`);

--
-- Indices de la tabla `q_text`
--
ALTER TABLE `q_text`
  ADD PRIMARY KEY (`id`);

--
-- Indices de la tabla `respondents`
--
ALTER TABLE `respondents`
  ADD PRIMARY KEY (`id`);

--
-- Indices de la tabla `surveys`
--
ALTER TABLE `surveys`
  ADD PRIMARY KEY (`id`);

--
-- Indices de la tabla `survey_borough`
--
ALTER TABLE `survey_borough`
  ADD PRIMARY KEY (`id`),
  ADD KEY `survey_id` (`survey_id`),
  ADD KEY `borough_id` (`borough_id`);

--
-- Indices de la tabla `topics`
--
ALTER TABLE `topics`
  ADD PRIMARY KEY (`id`),
  ADD KEY `survey_id` (`surv_bor_id`);

--
-- AUTO_INCREMENT de las tablas volcadas
--

--
-- AUTO_INCREMENT de la tabla `answers`
--
ALTER TABLE `answers`
  MODIFY `id` int(11) NOT NULL AUTO_INCREMENT, AUTO_INCREMENT=896;
--
-- AUTO_INCREMENT de la tabla `boroughs`
--
ALTER TABLE `boroughs`
  MODIFY `id` int(11) NOT NULL AUTO_INCREMENT, AUTO_INCREMENT=4;
--
-- AUTO_INCREMENT de la tabla `departments`
--
ALTER TABLE `departments`
  MODIFY `id` int(11) NOT NULL AUTO_INCREMENT, AUTO_INCREMENT=2;
--
-- AUTO_INCREMENT de la tabla `options`
--
ALTER TABLE `options`
  MODIFY `id` int(11) NOT NULL AUTO_INCREMENT, AUTO_INCREMENT=825;
--
-- AUTO_INCREMENT de la tabla `questions`
--
ALTER TABLE `questions`
  MODIFY `id` int(11) NOT NULL AUTO_INCREMENT, AUTO_INCREMENT=117;
--
-- AUTO_INCREMENT de la tabla `q_text`
--
ALTER TABLE `q_text`
  MODIFY `id` int(11) NOT NULL AUTO_INCREMENT, AUTO_INCREMENT=61;
--
-- AUTO_INCREMENT de la tabla `respondents`
--
ALTER TABLE `respondents`
  MODIFY `id` int(11) NOT NULL AUTO_INCREMENT, AUTO_INCREMENT=7;
--
-- AUTO_INCREMENT de la tabla `surveys`
--
ALTER TABLE `surveys`
  MODIFY `id` int(11) NOT NULL AUTO_INCREMENT, AUTO_INCREMENT=2;
--
-- AUTO_INCREMENT de la tabla `survey_borough`
--
ALTER TABLE `survey_borough`
  MODIFY `id` int(11) NOT NULL AUTO_INCREMENT, AUTO_INCREMENT=3;
--
-- AUTO_INCREMENT de la tabla `topics`
--
ALTER TABLE `topics`
  MODIFY `id` int(11) NOT NULL AUTO_INCREMENT, AUTO_INCREMENT=85;
--
-- Restricciones para tablas volcadas
--

--
-- Filtros para la tabla `answers`
--
ALTER TABLE `answers`
  ADD CONSTRAINT `answers_fk2` FOREIGN KEY (`option_id`) REFERENCES `options` (`id`);

--
-- Filtros para la tabla `boroughs`
--
ALTER TABLE `boroughs`
  ADD CONSTRAINT `boroughs_fk0` FOREIGN KEY (`department_id`) REFERENCES `departments` (`id`);

--
-- Filtros para la tabla `options`
--
ALTER TABLE `options`
  ADD CONSTRAINT `option_fk0` FOREIGN KEY (`question_id`) REFERENCES `questions` (`id`);

--
-- Filtros para la tabla `questions`
--
ALTER TABLE `questions`
  ADD CONSTRAINT `question_fk0` FOREIGN KEY (`topic_id`) REFERENCES `topics` (`id`),
  ADD CONSTRAINT `question_fk1` FOREIGN KEY (`text_id`) REFERENCES `q_text` (`id`);

--
-- Filtros para la tabla `survey_borough`
--
ALTER TABLE `survey_borough`
  ADD CONSTRAINT `s_b_fk0` FOREIGN KEY (`survey_id`) REFERENCES `surveys` (`id`),
  ADD CONSTRAINT `s_b_fk1` FOREIGN KEY (`borough_id`) REFERENCES `boroughs` (`id`);

--
-- Filtros para la tabla `topics`
--
ALTER TABLE `topics`
  ADD CONSTRAINT `topic_fk0` FOREIGN KEY (`surv_bor_id`) REFERENCES `survey_borough` (`id`);

/*!40101 SET CHARACTER_SET_CLIENT=@OLD_CHARACTER_SET_CLIENT */;
/*!40101 SET CHARACTER_SET_RESULTS=@OLD_CHARACTER_SET_RESULTS */;
/*!40101 SET COLLATION_CONNECTION=@OLD_COLLATION_CONNECTION */;
